Global_Event,Inflation_Level,Interest_Rates,Market_Volatility,Portfolio_Strategy
Normal,Target,Hold (Unchanged),Low Volatility,Aggressive
Economic Boom,Target,Hold (Unchanged),Low Volatility,Balanced
Normal,High,Cut (Lowered),Low Volatility,Balanced
Normal,Target,Hold (Unchanged),Low Volatility,Aggressive
Normal,High,Hold (Unchanged),Low Volatility,Balanced
Normal,Low,Hold (Unchanged),Low Volatility,Balanced
Crisis,High,Cut (Lowered),High Volatility,Aggressive
Economic Boom,High,Hike (Raised),High Volatility,Defensive
Normal,Low,Hold (Unchanged),Low Volatility,Balanced
Normal,Target,Hold (Unchanged),Low Volatility,Balanced
Crisis,Low,Hold (Unchanged),Low Volatility,Balanced
Economic Boom,Target,Hold (Unchanged),Low Volatility,Defensive
Economic Boom,Target,Hike (Raised),High Volatility,Defensive
Normal,Target,Hold (Unchanged),Low Volatility,Balanced
Normal,Low,Cut (Lowered),High Volatility,Balanced
Normal,Low,Cut (Lowered),High Volatility,Aggressive
Normal,Low,Cut (Lowered),Low Volatility,Balanced
Normal,Target,Hold (Unchanged),Low Volatility,Aggressive
Normal,Target,Cut (Lowered),Low Volatility,Aggressive
Normal,High,Hold (Unchanged),Low Volatility,Defensive
Normal,Target,Cut (Lowered),Low Volatility,Balanced
Crisis,Target,Cut (Lowered),High Volatility,Balanced
Normal,High,Hike (Raised),Low Volatility,Balanced
Normal,Target,Cut (Lowered),High Volatility,Balanced
Normal,High,Hold (Unchanged),Low Volatility,Balanced
Normal,Target,Cut (Lowered),High Volatility,Balanced
Normal,Target,Hike (Raised),High Volatility,Defensive
Normal,Low,Hold (Unchanged),Low Volatility,Defensive
Normal,Target,Hold (Unchanged),Low Volatility,Balanced
Crisis,Low,Cut (Lowered),High Volatility,Defensive
Normal,Target,Cut (Lowered),Low Volatility,Aggressive
Normal,Target,Hike (Raised),High Volatility,Defensive
Crisis,Target,Hold (Unchanged),Low Volatility,Aggressive
Economic Boom,Target,Hike (Raised),High Volatility,Balanced
Economic Boom,Low,Cut (Lowered),Low Volatility,Defensive
Economic Boom,Target,Hold (Unchanged),High Volatility,Aggressive
Normal,Target,Hike (Raised),High Volatility,Balanced
Crisis,High,Cut (Lowered),High Volatility,Defensive
Normal,Target,Hold (Unchanged),High Volatility,Aggressive
Normal,High,Cut (Lowered),Low Volatility,Defensive
Crisis,High,Hike (Raised),High Volatility,Defensive
Normal,Target,Cut (Lowered),Low Volatility,Aggressive
Crisis,Low,Cut (Lowered),Low Volatility,Balanced
Economic Boom,Target,Hold (Unchanged),Low Volatility,Balanced
Normal,Target,Hold (Unchanged),Low Volatility,Defensive
Normal,Target,Hold (Unchanged),Low Volatility,Aggressive
Normal,Target,Hold (Unchanged),Low Volatility,Balanced
Normal,Target,Cut (Lowered),Low Volatility,Balanced
Normal,Target,Hold (Unchanged),Low Volatility,Aggressive
Normal,Target,Hike (Raised),High Volatility,Aggressive
Economic Boom,Low,Hold (Unchanged),High Volatility,Defensive
Normal,High,Hold (Unchanged),High Volatility,Defensive
Economic Boom,Low,Hike (Raised),Low Volatility,Balanced
Economic Boom,Low,Cut (Lowered),High Volatility,Balanced
Normal,Target,Hold (Unchanged),Low Volatility,Aggressive
Economic Boom,Target,Hold (Unchanged),Low Volatility,Aggressive
Crisis,Target,Cut (Lowered),Low Volatility,Balanced
Normal,Target,Hold (Unchanged),Low Volatility,Balanced
Crisis,Target,Cut (Lowered),High Volatility,Aggressive
Normal,Target,Hold (Unchanged),Low Volatility,Aggressive
Normal,High,Hold (Unchanged),Low Volatility,Balanced
Normal,High,Cut (Lowered),Low Volatility,Balanced
Economic Boom,Target,Hold (Unchanged),Low Volatility,Aggressive
Normal,Target,Hold (Unchanged),Low Volatility,Aggressive
Normal,Target,Cut (Lowered),Low Volatility,Aggressive
Normal,Low,Cut (Lowered),Low Volatility,Balanced
Crisis,Target,Cut (Lowered),Low Volatility,Balanced
Economic Boom,Target,Hold (Unchanged),Low Volatility,Aggressive
Crisis,High,Cut (Lowered),Low Volatility,Balanced
Economic Boom,Low,Hold (Unchanged),High Volatility,Balanced
Normal,Target,Hike (Raised),High Volatility,Balanced
Normal,Target,Hike (Raised),High Volatility,Defensive
Crisis,Target,Cut (Lowered),High Volatility,Balanced
Economic Boom,Low,Cut (Lowered),Low Volatility,Balanced
Normal,High,Hike (Raised),High Volatility,Defensive
Normal,Target,Hold (Unchanged),Low Volatility,Aggressive
Normal,Target,Hold (Unchanged),Low Volatility,Balanced
Crisis,Low,Cut (Lowered),High Volatility,Balanced
Normal,Target,Cut (Lowered),Low Volatility,Aggressive
Crisis,Target,Hike (Raised),High Volatility,Balanced
Economic Boom,Low,Cut (Lowered),Low Volatility,Balanced
Normal,Low,Cut (Lowered),Low Volatility,Balanced
Normal,High,Hold (Unchanged),Low Volatility,Defensive
Crisis,Low,Cut (Lowered),Low Volatility,Balanced
Normal,Low,Cut (Lowered),Low Volatility,Defensive
Normal,Target,Hold (Unchanged),Low Volatility,Aggressive
Normal,High,Hold (Unchanged),High Volatility,Defensive
Normal,Low,Cut (Lowered),Low Volatility,Defensive
Economic Boom,Target,Hold (Unchanged),Low Volatility,Aggressive
Normal,Low,Cut (Lowered),Low Volatility,Balanced
Crisis,Low,Cut (Lowered),High Volatility,Balanced
Normal,Low,Cut (Lowered),Low Volatility,Balanced
Normal,High,Hold (Unchanged),Low Volatility,Balanced
Normal,Low,Hold (Unchanged),Low Volatility,Balanced
Normal,Low,Hold (Unchanged),Low Volatility,Balanced
Normal,Target,Hold (Unchanged),Low Volatility,Aggressive
Normal,High,Hold (Unchanged),Low Volatility,Balanced
Normal,Target,Hold (Unchanged),Low Volatility,Aggressive
Crisis,Target,Cut (Lowered),High Volatility,Aggressive
Crisis,Low,Cut (Lowered),Low Volatility,Defensive
Crisis,Target,Hike (Raised),High Volatility,Aggressive
Normal,Target,Hold (Unchanged),Low Volatility,Defensive
Normal,Target,Hike (Raised),Low Volatility,Balanced
Normal,Target,Hold (Unchanged),Low Volatility,Balanced
Economic Boom,Target,Hold (Unchanged),High Volatility,Balanced
Normal,Low,Cut (Lowered),High Volatility,Defensive
Normal,Target,Hold (Unchanged),Low Volatility,Aggressive
Normal,Low,Cut (Lowered),Low Volatility,Aggressive
Normal,High,Hold (Unchanged),Low Volatility,Balanced
Crisis,High,Cut (Lowered),Low Volatility,Balanced
Normal,High,Hold (Unchanged),High Volatility,Balanced
Normal,High,Cut (Lowered),Low Volatility,Aggressive
Economic Boom,Target,Hold (Unchanged),High Volatility,Balanced
Economic Boom,Target,Hold (Unchanged),Low Volatility,Aggressive
Normal,Target,Cut (Lowered),Low Volatility,Aggressive
Economic Boom,Target,Cut (Lowered),High Volatility,Balanced
Economic Boom,Target,Cut (Lowered),Low Volatility,Balanced
Normal,Target,Hold (Unchanged),High Volatility,Balanced
Economic Boom,High,Hold (Unchanged),Low Volatility,Defensive
Normal,Target,Hold (Unchanged),Low Volatility,Balanced
Economic Boom,Target,Cut (Lowered),Low Volatility,Aggressive
Economic Boom,High,Hike (Raised),Low Volatility,Aggressive
Normal,Low,Hold (Unchanged),Low Volatility,Aggressive
Crisis,Target,Hold (Unchanged),High Volatility,Balanced
Normal,High,Cut (Lowered),Low Volatility,Balanced
Normal,Target,Hike (Raised),High Volatility,Defensive
Economic Boom,Target,Hold (Unchanged),Low Volatility,Aggressive
Economic Boom,Low,Hold (Unchanged),Low Volatility,Defensive
Crisis,Target,Cut (Lowered),High Volatility,Defensive
Normal,High,Hold (Unchanged),Low Volatility,Balanced
Normal,Target,Hike (Raised),High Volatility,Balanced
Normal,Target,Hold (Unchanged),High Volatility,Defensive
Crisis,Low,Cut (Lowered),High Volatility,Aggressive
Normal,Low,Cut (Lowered),Low Volatility,Balanced
Economic Boom,High,Cut (Lowered),High Volatility,Defensive
Normal,Target,Cut (Lowered),Low Volatility,Defensive
Normal,Target,Cut (Lowered),Low Volatility,Balanced
Normal,Low,Cut (Lowered),Low Volatility,Defensive
Normal,Target,Hold (Unchanged),Low Volatility,Aggressive
Economic Boom,High,Hike (Raised),High Volatility,Defensive
Economic Boom,Target,Cut (Lowered),Low Volatility,Aggressive
Normal,Low,Cut (Lowered),High Volatility,Defensive
Normal,Target,Hike (Raised),High Volatility,Balanced
Normal,High,Hold (Unchanged),Low Volatility,Balanced
Normal,Target,Hold (Unchanged),Low Volatility,Aggressive
Crisis,High,Hold (Unchanged),High Volatility,Defensive
Normal,Target,Hold (Unchanged),Low Volatility,Aggressive
Normal,High,Hold (Unchanged),High Volatility,Defensive
Crisis,Target,Hold (Unchanged),High Volatility,Balanced
Normal,Low,Cut (Lowered),Low Volatility,Aggressive
Economic Boom,Target,Hike (Raised),High Volatility,Defensive
Normal,Low,Cut (Lowered),High Volatility,Defensive
Crisis,High,Cut (Lowered),High Volatility,Defensive
Normal,High,Cut (Lowered),Low Volatility,Balanced
Economic Boom,Target,Hold (Unchanged),Low Volatility,Balanced
Normal,Target,Hold (Unchanged),Low Volatility,Balanced
Normal,Low,Cut (Lowered),Low Volatility,Balanced
Normal,High,Hold (Unchanged),Low Volatility,Balanced
Normal,Target,Hike (Raised),High Volatility,Defensive
Normal,Low,Hold (Unchanged),Low Volatility,Balanced
Normal,Target,Hold (Unchanged),Low Volatility,Aggressive
Normal,Low,Cut (Lowered),Low Volatility,Aggressive
Normal,Target,Hold (Unchanged),Low Volatility,Aggressive
Normal,Target,Hold (Unchanged),Low Volatility,Aggressive
Crisis,Low,Hike (Raised),High Volatility,Balanced
Economic Boom,High,Hold (Unchanged),Low Volatility,Defensive
Normal,Low,Cut (Lowered),Low Volatility,Balanced
Normal,Low,Cut (Lowered),Low Volatility,Aggressive
Crisis,Low,Cut (Lowered),High Volatility,Balanced
Normal,High,Hold (Unchanged),High Volatility,Balanced
Normal,Target,Hold (Unchanged),Low Volatility,Aggressive
Crisis,Target,Cut (Lowered),Low Volatility,Defensive
Normal,Low,Cut (Lowered),Low Volatility,Defensive
Normal,Low,Cut (Lowered),Low Volatility,Defensive
Normal,Target,Cut (Lowered),High Volatility,Balanced
Normal,High,Cut (Lowered),Low Volatility,Defensive
Normal,High,Hold (Unchanged),Low Volatility,Aggressive
Normal,Low,Cut (Lowered),Low Volatility,Defensive
Economic Boom,Target,Hold (Unchanged),Low Volatility,Balanced
Crisis,High,Hold (Unchanged),Low Volatility,Defensive
Normal,Target,Hold (Unchanged),Low Volatility,Aggressive
Crisis,High,Cut (Lowered),Low Volatility,Balanced
Economic Boom,Low,Cut (Lowered),High Volatility,Aggressive
Economic Boom,High,Hike (Raised),High Volatility,Aggressive
Normal,High,Hold (Unchanged),Low Volatility,Balanced
Normal,High,Hold (Unchanged),Low Volatility,Defensive
Economic Boom,Target,Hike (Raised),High Volatility,Defensive
Normal,Target,Hike (Raised),High Volatility,Defensive
Normal,High,Cut (Lowered),Low Volatility,Balanced
Normal,Target,Cut (Lowered),Low Volatility,Defensive
Crisis,Target,Cut (Lowered),High Volatility,Defensive
Economic Boom,Target,Hold (Unchanged),Low Volatility,Aggressive
Economic Boom,High,Cut (Lowered),Low Volatility,Balanced
Normal,High,Hike (Raised),High Volatility,Defensive
Normal,Low,Cut (Lowered),Low Volatility,Balanced
Normal,High,Hike (Raised),High Volatility,Balanced
Normal,Target,Hold (Unchanged),High Volatility,Balanced
Economic Boom,Low,Hold (Unchanged),High Volatility,Defensive
Economic Boom,Target,Hold (Unchanged),Low Volatility,Aggressive
Normal,Target,Hold (Unchanged),Low Volatility,Aggressive
Normal,Target,Hold (Unchanged),Low Volatility,Defensive
Crisis,High,Cut (Lowered),High Volatility,Defensive
Normal,Target,Hold (Unchanged),Low Volatility,Aggressive
Economic Boom,Target,Hold (Unchanged),Low Volatility,Balanced
Normal,High,Cut (Lowered),Low Volatility,Aggressive
Crisis,Target,Cut (Lowered),High Volatility,Defensive
Crisis,High,Hold (Unchanged),High Volatility,Defensive
Normal,Target,Cut (Lowered),High Volatility,Balanced
Crisis,High,Cut (Lowered),Low Volatility,Balanced
Normal,Low,Cut (Lowered),Low Volatility,Defensive
Normal,High,Hike (Raised),High Volatility,Defensive
Normal,Low,Cut (Lowered),Low Volatility,Defensive
Normal,Target,Cut (Lowered),High Volatility,Defensive
Normal,High,Hold (Unchanged),Low Volatility,Balanced
Normal,Target,Hike (Raised),High Volatility,Aggressive
Normal,Target,Hold (Unchanged),Low Volatility,Balanced
Normal,Target,Hold (Unchanged),High Volatility,Balanced
Normal,Target,Hold (Unchanged),Low Volatility,Aggressive
Normal,Low,Cut (Lowered),Low Volatility,Balanced
Economic Boom,Low,Cut (Lowered),Low Volatility,Aggressive
Normal,Target,Hold (Unchanged),High Volatility,Defensive
Normal,Target,Hold (Unchanged),High Volatility,Aggressive
Crisis,Low,Hike (Raised),High Volatility,Balanced
Normal,Target,Hold (Unchanged),High Volatility,Aggressive
Normal,Target,Cut (Lowered),Low Volatility,Aggressive
Normal,Low,Cut (Lowered),Low Volatility,Balanced
Economic Boom,Target,Hold (Unchanged),Low Volatility,Balanced
Normal,High,Hold (Unchanged),Low Volatility,Defensive
Economic Boom,Low,Cut (Lowered),High Volatility,Balanced
Normal,Target,Hold (Unchanged),High Volatility,Aggressive
Normal,Target,Hold (Unchanged),Low Volatility,Aggressive
Normal,Target,Hold (Unchanged),Low Volatility,Balanced
Normal,Target,Hike (Raised),High Volatility,Aggressive
Normal,Target,Hold (Unchanged),Low Volatility,Aggressive
Normal,Target,Hold (Unchanged),Low Volatility,Balanced
Normal,Low,Cut (Lowered),Low Volatility,Defensive
Normal,Target,Hold (Unchanged),Low Volatility,Balanced
Crisis,Target,Cut (Lowered),High Volatility,Aggressive
Normal,Low,Hold (Unchanged),Low Volatility,Aggressive
Normal,Target,Hold (Unchanged),Low Volatility,Balanced
Economic Boom,High,Hike (Raised),High Volatility,Defensive
Economic Boom,Target,Hold (Unchanged),Low Volatility,Aggressive
Economic Boom,Target,Hold (Unchanged),Low Volatility,Aggressive
Normal,High,Hold (Unchanged),High Volatility,Defensive
Crisis,Target,Cut (Lowered),Low Volatility,Aggressive
Economic Boom,Target,Hike (Raised),Low Volatility,Balanced
Normal,High,Cut (Lowered),High Volatility,Defensive
Economic Boom,High,Hike (Raised),High Volatility,Defensive
Economic Boom,Target,Hike (Raised),High Volatility,Aggressive
Economic Boom,Target,Cut (Lowered),Low Volatility,Balanced
Normal,Target,Hold (Unchanged),Low Volatility,Aggressive
Normal,High,Hold (Unchanged),Low Volatility,Balanced
Economic Boom,Target,Cut (Lowered),Low Volatility,Aggressive
Normal,Low,Cut (Lowered),High Volatility,Balanced
Normal,High,Hike (Raised),High Volatility,Defensive
Normal,Target,Cut (Lowered),High Volatility,Balanced
Economic Boom,Low,Cut (Lowered),High Volatility,Defensive
Normal,Target,Hold (Unchanged),Low Volatility,Aggressive
Normal,Target,Hike (Raised),High Volatility,Balanced
Crisis,High,Cut (Lowered),High Volatility,Defensive
Normal,Low,Cut (Lowered),Low Volatility,Aggressive
Economic Boom,High,Hike (Raised),High Volatility,Balanced
Crisis,Target,Cut (Lowered),High Volatility,Balanced
Normal,Low,Hike (Raised),High Volatility,Aggressive
Economic Boom,High,Hike (Raised),High Volatility,Defensive
Normal,Target,Cut (Lowered),Low Volatility,Balanced
Normal,Target,Hold (Unchanged),Low Volatility,Aggressive
Normal,Target,Hold (Unchanged),Low Volatility,Balanced
Normal,High,Hold (Unchanged),Low Volatility,Balanced
Normal,Target,Hold (Unchanged),Low Volatility,Balanced
Economic Boom,Low,Cut (Lowered),Low Volatility,Balanced
Economic Boom,Low,Cut (Lowered),Low Volatility,Aggressive
Economic Boom,Target,Hike (Raised),High Volatility,Balanced
Economic Boom,High,Hold (Unchanged),High Volatility,Aggressive
Normal,Target,Hike (Raised),High Volatility,Balanced
Normal,Low,Cut (Lowered),Low Volatility,Defensive
Normal,Low,Cut (Lowered),Low Volatility,Defensive
Normal,Target,Hike (Raised),High Volatility,Balanced
Normal,High,Hold (Unchanged),Low Volatility,Aggressive
Normal,Target,Hold (Unchanged),High Volatility,Defensive
Economic Boom,High,Hike (Raised),High Volatility,Defensive
Normal,Target,Hold (Unchanged),High Volatility,Aggressive
Normal,Low,Hike (Raised),High Volatility,Balanced
Crisis,High,Hold (Unchanged),High Volatility,Defensive
Normal,Target,Cut (Lowered),Low Volatility,Balanced
Crisis,Target,Cut (Lowered),High Volatility,Aggressive
Normal,High,Hold (Unchanged),Low Volatility,Aggressive
Normal,Low,Cut (Lowered),High Volatility,Defensive
Normal,Low,Cut (Lowered),Low Volatility,Balanced
Normal,Target,Cut (Lowered),High Volatility,Aggressive
Crisis,Target,Cut (Lowered),High Volatility,Balanced
Crisis,Low,Cut (Lowered),High Volatility,Aggressive
Economic Boom,Low,Cut (Lowered),Low Volatility,Balanced
Normal,Low,Cut (Lowered),Low Volatility,Aggressive
Crisis,High,Cut (Lowered),High Volatility,Defensive
Normal,Low,Hike (Raised),High Volatility,Defensive
Normal,Target,Hike (Raised),High Volatility,Balanced
Normal,Target,Hold (Unchanged),Low Volatility,Aggressive
Normal,Target,Cut (Lowered),Low Volatility,Aggressive
Crisis,Low,Hold (Unchanged),High Volatility,Defensive
Crisis,High,Hike (Raised),High Volatility,Balanced
Normal,Low,Hold (Unchanged),Low Volatility,Defensive
Normal,High,Cut (Lowered),Low Volatility,Balanced
Normal,High,Hike (Raised),High Volatility,Defensive
Normal,Target,Hold (Unchanged),Low Volatility,Aggressive
Economic Boom,Target,Hold (Unchanged),Low Volatility,Aggressive
Normal,Target,Hike (Raised),High Volatility,Balanced
Normal,Target,Hold (Unchanged),High Volatility,Defensive
Normal,High,Hike (Raised),High Volatility,Defensive
Normal,High,Hold (Unchanged),Low Volatility,Aggressive
Normal,Target,Hike (Raised),High Volatility,Balanced
Crisis,Target,Cut (Lowered),High Volatility,Defensive
Crisis,High,Hike (Raised),Low Volatility,Defensive
Economic Boom,High,Hold (Unchanged),Low Volatility,Aggressive
Economic Boom,Target,Hold (Unchanged),Low Volatility,Balanced
Normal,Target,Hold (Unchanged),High Volatility,Defensive
Normal,Target,Hold (Unchanged),Low Volatility,Aggressive
Normal,High,Hold (Unchanged),Low Volatility,Balanced
Normal,Low,Hold (Unchanged),High Volatility,Defensive
Normal,Target,Cut (Lowered),Low Volatility,Aggressive
Normal,Target,Hold (Unchanged),High Volatility,Balanced
Normal,Target,Hold (Unchanged),Low Volatility,Aggressive
Normal,Target,Hike (Raised),Low Volatility,Balanced
Normal,High,Cut (Lowered),High Volatility,Balanced
Economic Boom,Low,Cut (Lowered),Low Volatility,Defensive
Normal,Target,Hold (Unchanged),Low Volatility,Balanced
Normal,Low,Cut (Lowered),Low Volatility,Defensive
Normal,Low,Cut (Lowered),Low Volatility,Balanced
Normal,Target,Hold (Unchanged),High Volatility,Balanced
Normal,Target,Hike (Raised),High Volatility,Balanced
Normal,Target,Hold (Unchanged),Low Volatility,Balanced
Normal,Target,Hold (Unchanged),High Volatility,Balanced
Crisis,Low,Cut (Lowered),High Volatility,Balanced
Crisis,Target,Cut (Lowered),High Volatility,Balanced
Crisis,High,Cut (Lowered),High Volatility,Balanced
Crisis,High,Hold (Unchanged),High Volatility,Defensive
Economic Boom,Target,Hold (Unchanged),Low Volatility,Aggressive
Normal,Target,Hold (Unchanged),Low Volatility,Defensive
Normal,High,Hold (Unchanged),Low Volatility,Balanced
Crisis,Low,Hold (Unchanged),Low Volatility,Aggressive
Normal,High,Cut (Lowered),Low Volatility,Aggressive
Normal,High,Hold (Unchanged),Low Volatility,Defensive
Normal,Low,Cut (Lowered),Low Volatility,Balanced
Normal,Low,Hold (Unchanged),Low Volatility,Defensive
Normal,High,Hike (Raised),High Volatility,Balanced
Normal,Target,Hold (Unchanged),High Volatility,Balanced
Normal,Low,Cut (Lowered),Low Volatility,Balanced
Crisis,Target,Hike (Raised),High Volatility,Defensive
Normal,Target,Hold (Unchanged),Low Volatility,Aggressive
Normal,Target,Hold (Unchanged),Low Volatility,Aggressive
Normal,Target,Hold (Unchanged),Low Volatility,Balanced
Economic Boom,High,Hike (Raised),High Volatility,Defensive
Normal,Target,Cut (Lowered),Low Volatility,Balanced
Normal,Target,Hike (Raised),High Volatility,Balanced
Crisis,Target,Cut (Lowered),High Volatility,Aggressive
Normal,Target,Cut (Lowered),High Volatility,Aggressive
Crisis,Low,Hold (Unchanged),High Volatility,Balanced
Normal,High,Hold (Unchanged),High Volatility,Balanced
Economic Boom,High,Hold (Unchanged),Low Volatility,Balanced
Normal,Target,Hold (Unchanged),Low Volatility,Balanced
Normal,Target,Hike (Raised),High Volatility,Aggressive
Normal,Low,Hold (Unchanged),Low Volatility,Balanced
Normal,Target,Hike (Raised),Low Volatility,Balanced
Normal,Target,Hike (Raised),Low Volatility,Aggressive
Economic Boom,Target,Cut (Lowered),High Volatility,Defensive
Normal,High,Hold (Unchanged),Low Volatility,Balanced
Economic Boom,Target,Hike (Raised),High Volatility,Aggressive
Economic Boom,Target,Hold (Unchanged),Low Volatility,Aggressive
Normal,High,Hold (Unchanged),Low Volatility,Defensive
Crisis,Low,Cut (Lowered),High Volatility,Balanced
Crisis,Target,Cut (Lowered),Low Volatility,Balanced
Crisis,Target,Hike (Raised),High Volatility,Balanced
Crisis,Target,Cut (Lowered),High Volatility,Balanced
Normal,High,Hold (Unchanged),Low Volatility,Balanced
Crisis,Target,Hike (Raised),Low Volatility,Aggressive
Normal,High,Hold (Unchanged),Low Volatility,Balanced
Economic Boom,Target,Cut (Lowered),High Volatility,Balanced
Crisis,Target,Cut (Lowered),High Volatility,Aggressive
Economic Boom,High,Hike (Raised),High Volatility,Defensive
Normal,Low,Hold (Unchanged),Low Volatility,Aggressive
Crisis,Low,Hold (Unchanged),High Volatility,Balanced
Normal,Target,Hold (Unchanged),Low Volatility,Balanced
Normal,Target,Hold (Unchanged),Low Volatility,Balanced
Economic Boom,Low,Hold (Unchanged),High Volatility,Balanced
Normal,Target,Hike (Raised),High Volatility,Balanced
Economic Boom,Target,Cut (Lowered),Low Volatility,Balanced
Normal,Target,Cut (Lowered),Low Volatility,Aggressive
Normal,High,Hike (Raised),High Volatility,Defensive
Normal,Target,Hike (Raised),High Volatility,Aggressive
Economic Boom,High,Hike (Raised),High Volatility,Defensive
Economic Boom,Low,Hold (Unchanged),Low Volatility,Balanced
Normal,Target,Hold (Unchanged),High Volatility,Defensive
Normal,High,Hold (Unchanged),Low Volatility,Defensive
Normal,Target,Hold (Unchanged),High Volatility,Aggressive
Normal,Target,Cut (Lowered),High Volatility,Defensive
Economic Boom,Target,Hold (Unchanged),Low Volatility,Aggressive
Economic Boom,Low,Cut (Lowered),Low Volatility,Defensive
Normal,Target,Hold (Unchanged),High Volatility,Balanced
Normal,Target,Hold (Unchanged),Low Volatility,Aggressive
Normal,High,Hold (Unchanged),Low Volatility,Balanced
Crisis,Low,Cut (Lowered),High Volatility,Balanced
Economic Boom,High,Hike (Raised),Low Volatility,Balanced
Normal,High,Cut (Lowered),High Volatility,Balanced
Economic Boom,Low,Cut (Lowered),Low Volatility,Balanced
Normal,Target,Hike (Raised),High Volatility,Balanced
Economic Boom,High,Hold (Unchanged),Low Volatility,Balanced
Normal,High,Hold (Unchanged),Low Volatility,Aggressive
Crisis,Target,Cut (Lowered),High Volatility,Balanced
Economic Boom,Target,Hold (Unchanged),Low Volatility,Aggressive
Crisis,Target,Cut (Lowered),High Volatility,Balanced
Normal,Target,Hold (Unchanged),Low Volatility,Balanced
Economic Boom,Target,Hold (Unchanged),Low Volatility,Aggressive
Economic Boom,Target,Hold (Unchanged),High Volatility,Balanced
Normal,Low,Cut (Lowered),Low Volatility,Balanced
Normal,Low,Hike (Raised),High Volatility,Balanced
Normal,Target,Hike (Raised),High Volatility,Defensive
Normal,Target,Hold (Unchanged),Low Volatility,Aggressive
Normal,Target,Cut (Lowered),Low Volatility,Aggressive
Normal,Target,Hold (Unchanged),Low Volatility,Aggressive
Normal,Target,Hold (Unchanged),Low Volatility,Balanced
Normal,Low,Cut (Lowered),Low Volatility,Balanced
Normal,Target,Hold (Unchanged),Low Volatility,Aggressive
Crisis,High,Cut (Lowered),High Volatility,Defensive
Normal,Target,Hold (Unchanged),Low Volatility,Aggressive
Crisis,Target,Hold (Unchanged),High Volatility,Aggressive
Normal,Target,Hike (Raised),High Volatility,Balanced
Normal,High,Hold (Unchanged),Low Volatility,Balanced
Economic Boom,Low,Hold (Unchanged),Low Volatility,Defensive
Normal,Target,Cut (Lowered),High Volatility,Defensive
Crisis,Target,Hold (Unchanged),High Volatility,Defensive
Crisis,Target,Cut (Lowered),High Volatility,Aggressive
Normal,Low,Cut (Lowered),High Volatility,Balanced
Normal,Target,Hold (Unchanged),Low Volatility,Aggressive
Crisis,Low,Cut (Lowered),High Volatility,Aggressive
Crisis,Target,Hike (Raised),High Volatility,Balanced
Normal,Target,Hold (Unchanged),Low Volatility,Aggressive
Crisis,Low,Cut (Lowered),High Volatility,Defensive
Economic Boom,High,Hike (Raised),Low Volatility,Aggressive
Normal,Low,Cut (Lowered),Low Volatility,Defensive
Crisis,High,Cut (Lowered),Low Volatility,Defensive
Crisis,Target,Cut (Lowered),High Volatility,Defensive
Economic Boom,Low,Hold (Unchanged),Low Volatility,Defensive
Normal,Low,Hold (Unchanged),Low Volatility,Defensive
Normal,High,Hike (Raised),High Volatility,Defensive
Economic Boom,Low,Cut (Lowered),Low Volatility,Defensive
Economic Boom,Low,Hold (Unchanged),Low Volatility,Balanced
Economic Boom,Target,Hold (Unchanged),Low Volatility,Defensive
Normal,Target,Hold (Unchanged),Low Volatility,Balanced
Normal,Target,Hold (Unchanged),Low Volatility,Aggressive
Crisis,Low,Hike (Raised),High Volatility,Aggressive
Normal,Target,Hold (Unchanged),Low Volatility,Aggressive
Normal,Low,Hike (Raised),High Volatility,Aggressive
Normal,Low,Hold (Unchanged),High Volatility,Balanced
Economic Boom,Target,Hike (Raised),High Volatility,Balanced
Crisis,Target,Hold (Unchanged),Low Volatility,Aggressive
Normal,Low,Cut (Lowered),Low Volatility,Balanced
Crisis,Target,Cut (Lowered),High Volatility,Defensive
Normal,Target,Hold (Unchanged),Low Volatility,Aggressive
Crisis,High,Cut (Lowered),High Volatility,Defensive
Crisis,High,Cut (Lowered),High Volatility,Defensive
Crisis,High,Cut (Lowered),Low Volatility,Balanced
Normal,Low,Cut (Lowered),High Volatility,Defensive
Normal,Low,Hike (Raised),High Volatility,Balanced
Normal,Target,Hike (Raised),High Volatility,Defensive
Economic Boom,Target,Cut (Lowered),High Volatility,Aggressive
Normal,Target,Hold (Unchanged),Low Volatility,Balanced
Normal,High,Hold (Unchanged),High Volatility,Defensive
Economic Boom,High,Hike (Raised),High Volatility,Balanced
Normal,High,Hold (Unchanged),Low Volatility,Balanced
Economic Boom,Target,Hold (Unchanged),High Volatility,Defensive
Crisis,Target,Cut (Lowered),Low Volatility,Balanced
Economic Boom,Target,Hike (Raised),High Volatility,Defensive
Crisis,Low,Hold (Unchanged),High Volatility,Defensive
Economic Boom,Target,Cut (Lowered),Low Volatility,Defensive
Normal,Low,Hold (Unchanged),Low Volatility,Balanced
Economic Boom,Target,Hold (Unchanged),Low Volatility,Aggressive
Crisis,Target,Cut (Lowered),High Volatility,Balanced
Normal,Target,Cut (Lowered),Low Volatility,Aggressive
Economic Boom,High,Hike (Raised),High Volatility,Defensive
Normal,Target,Hold (Unchanged),Low Volatility,Balanced
Normal,High,Hold (Unchanged),Low Volatility,Aggressive
Normal,Target,Hold (Unchanged),Low Volatility,Defensive
Normal,Target,Hold (Unchanged),Low Volatility,Aggressive
Normal,Target,Hold (Unchanged),Low Volatility,Aggressive
Normal,Target,Cut (Lowered),Low Volatility,Aggressive
Economic Boom,High,Hike (Raised),High Volatility,Defensive
Crisis,Low,Cut (Lowered),High Volatility,Balanced
Normal,Target,Hike (Raised),Low Volatility,Aggressive
Economic Boom,Target,Hold (Unchanged),Low Volatility,Aggressive
Economic Boom,High,Hike (Raised),High Volatility,Defensive
Normal,Low,Cut (Lowered),Low Volatility,Aggressive
Normal,High,Cut (Lowered),Low Volatility,Defensive
Normal,Target,Hold (Unchanged),Low Volatility,Defensive
Normal,Target,Cut (Lowered),Low Volatility,Aggressive
Normal,Target,Hold (Unchanged),Low Volatility,Aggressive
Normal,Target,Cut (Lowered),High Volatility,Aggressive
Normal,Target,Hold (Unchanged),Low Volatility,Aggressive
Crisis,High,Cut (Lowered),Low Volatility,Defensive
Economic Boom,Target,Hold (Unchanged),Low Volatility,Aggressive
Economic Boom,Target,Cut (Lowered),High Volatility,Defensive
Normal,Target,Cut (Lowered),High Volatility,Balanced
Normal,Low,Cut (Lowered),Low Volatility,Balanced
Normal,Low,Hold (Unchanged),Low Volatility,Defensive
Economic Boom,Target,Hold (Unchanged),High Volatility,Balanced
Normal,Target,Hold (Unchanged),Low Volatility,Aggressive
Normal,Low,Cut (Lowered),High Volatility,Balanced
Economic Boom,Target,Hold (Unchanged),High Volatility,Balanced
Economic Boom,Target,Hold (Unchanged),Low Volatility,Balanced
Economic Boom,Target,Hold (Unchanged),Low Volatility,Balanced
Normal,Target,Hold (Unchanged),Low Volatility,Balanced
Normal,Low,Cut (Lowered),Low Volatility,Defensive
Normal,High,Hold (Unchanged),High Volatility,Defensive
Economic Boom,High,Hike (Raised),High Volatility,Aggressive
Economic Boom,Target,Hold (Unchanged),Low Volatility,Aggressive
Crisis,Low,Cut (Lowered),High Volatility,Balanced
Crisis,High,Cut (Lowered),Low Volatility,Balanced
Normal,High,Hold (Unchanged),Low Volatility,Balanced
Economic Boom,High,Hike (Raised),High Volatility,Balanced
Economic Boom,Low,Hold (Unchanged),Low Volatility,Aggressive
Normal,Target,Hold (Unchanged),Low Volatility,Aggressive
Normal,High,Hold (Unchanged),Low Volatility,Defensive
Normal,Target,Hold (Unchanged),High Volatility,Balanced
Economic Boom,Target,Hike (Raised),High Volatility,Defensive
Economic Boom,Target,Hold (Unchanged),High Volatility,Balanced
Economic Boom,Target,Hold (Unchanged),Low Volatility,Aggressive
Normal,Low,Hold (Unchanged),Low Volatility,Defensive
Normal,Target,Hold (Unchanged),High Volatility,Aggressive
Normal,Low,Cut (Lowered),Low Volatility,Aggressive
Crisis,Target,Hold (Unchanged),High Volatility,Aggressive
Economic Boom,Target,Cut (Lowered),Low Volatility,Aggressive
Economic Boom,Target,Hold (Unchanged),Low Volatility,Balanced
Economic Boom,Low,Hold (Unchanged),Low Volatility,Balanced
Economic Boom,Target,Hike (Raised),High Volatility,Balanced
Normal,High,Cut (Lowered),Low Volatility,Defensive
Normal,Low,Cut (Lowered),Low Volatility,Balanced
Economic Boom,Low,Cut (Lowered),High Volatility,Balanced
Economic Boom,Low,Cut (Lowered),Low Volatility,Defensive
Normal,High,Cut (Lowered),Low Volatility,Balanced
Normal,Target,Hold (Unchanged),Low Volatility,Defensive
Crisis,Target,Cut (Lowered),High Volatility,Balanced
Economic Boom,Low,Cut (Lowered),Low Volatility,Balanced
Normal,Target,Hold (Unchanged),Low Volatility,Defensive
Normal,High,Hold (Unchanged),Low Volatility,Aggressive
Normal,High,Hold (Unchanged),Low Volatility,Defensive
Normal,Target,Hike (Raised),High Volatility,Balanced
Normal,Low,Cut (Lowered),Low Volatility,Balanced
Crisis,Low,Hike (Raised),High Volatility,Balanced
Normal,Low,Hold (Unchanged),Low Volatility,Defensive
Normal,Target,Hold (Unchanged),Low Volatility,Aggressive
Normal,Low,Cut (Lowered),High Volatility,Aggressive
Normal,Target,Hold (Unchanged),Low Volatility,Aggressive
Economic Boom,Target,Hold (Unchanged),Low Volatility,Aggressive
Normal,High,Hold (Unchanged),Low Volatility,Defensive
Normal,Target,Hold (Unchanged),Low Volatility,Aggressive
Economic Boom,High,Hike (Raised),High Volatility,Defensive
Normal,Target,Hold (Unchanged),High Volatility,Balanced
Crisis,Low,Cut (Lowered),High Volatility,Balanced
Crisis,Target,Hold (Unchanged),High Volatility,Balanced
Normal,Target,Hold (Unchanged),High Volatility,Defensive
Normal,Target,Hike (Raised),High Volatility,Defensive
Normal,Target,Cut (Lowered),Low Volatility,Balanced
Normal,High,Hike (Raised),High Volatility,Defensive
Crisis,Target,Cut (Lowered),High Volatility,Balanced
Crisis,Target,Cut (Lowered),High Volatility,Balanced
Normal,High,Cut (Lowered),Low Volatility,Balanced
Normal,Low,Hold (Unchanged),Low Volatility,Balanced
Normal,Target,Hike (Raised),High Volatility,Balanced
Normal,Target,Hold (Unchanged),Low Volatility,Balanced
Economic Boom,High,Hike (Raised),Low Volatility,Balanced
Normal,High,Hold (Unchanged),Low Volatility,Balanced
Normal,High,Hold (Unchanged),High Volatility,Defensive
Normal,Low,Hold (Unchanged),Low Volatility,Defensive
Normal,High,Hold (Unchanged),High Volatility,Defensive
Normal,Target,Hold (Unchanged),Low Volatility,Aggressive
Economic Boom,Target,Hike (Raised),Low Volatility,Aggressive
Economic Boom,Low,Hike (Raised),High Volatility,Balanced
Crisis,Target,Hike (Raised),High Volatility,Balanced
Economic Boom,High,Hike (Raised),High Volatility,Defensive
Normal,High,Cut (Lowered),High Volatility,Defensive
Normal,Target,Hike (Raised),High Volatility,Balanced
Normal,Low,Cut (Lowered),High Volatility,Aggressive
Economic Boom,Target,Hike (Raised),High Volatility,Defensive
Normal,High,Hold (Unchanged),Low Volatility,Balanced
Normal,Target,Hold (Unchanged),Low Volatility,Balanced
Normal,Target,Hold (Unchanged),Low Volatility,Aggressive
Normal,Low,Cut (Lowered),Low Volatility,Aggressive
Crisis,Target,Cut (Lowered),High Volatility,Balanced
Crisis,Target,Hold (Unchanged),High Volatility,Balanced
Crisis,High,Hold (Unchanged),Low Volatility,Aggressive
Normal,Target,Cut (Lowered),Low Volatility,Aggressive
Crisis,Target,Hold (Unchanged),High Volatility,Balanced
Normal,Target,Hold (Unchanged),Low Volatility,Aggressive
Normal,Low,Cut (Lowered),Low Volatility,Balanced
Normal,High,Hold (Unchanged),Low Volatility,Balanced
Economic Boom,Target,Hike (Raised),Low Volatility,Defensive
Normal,Target,Hold (Unchanged),Low Volatility,Balanced
Normal,Target,Hold (Unchanged),Low Volatility,Aggressive
Normal,Target,Hold (Unchanged),High Volatility,Balanced
Normal,Target,Cut (Lowered),Low Volatility,Aggressive
Crisis,Target,Cut (Lowered),High Volatility,Aggressive
Normal,Target,Cut (Lowered),Low Volatility,Aggressive
Normal,Target,Hold (Unchanged),High Volatility,Balanced
Normal,Low,Cut (Lowered),Low Volatility,Aggressive
Crisis,Target,Hike (Raised),High Volatility,Balanced
Crisis,Low,Cut (Lowered),High Volatility,Balanced
Normal,Target,Hold (Unchanged),Low Volatility,Aggressive
Normal,High,Hold (Unchanged),High Volatility,Defensive
Normal,High,Hike (Raised),High Volatility,Defensive
Normal,Target,Hold (Unchanged),Low Volatility,Aggressive
Normal,Target,Hike (Raised),High Volatility,Balanced
Crisis,Low,Cut (Lowered),High Volatility,Balanced
Normal,Target,Hold (Unchanged),Low Volatility,Aggressive
Normal,High,Cut (Lowered),Low Volatility,Aggressive
Crisis,Low,Cut (Lowered),High Volatility,Balanced
Economic Boom,Target,Hold (Unchanged),High Volatility,Balanced
Economic Boom,High,Hike (Raised),High Volatility,Defensive
Crisis,High,Hike (Raised),High Volatility,Defensive
Normal,Low,Hold (Unchanged),Low Volatility,Aggressive
Economic Boom,Target,Cut (Lowered),High Volatility,Balanced
Normal,Low,Cut (Lowered),Low Volatility,Balanced
Normal,Low,Cut (Lowered),Low Volatility,Balanced
Normal,High,Hold (Unchanged),High Volatility,Balanced
Normal,High,Hold (Unchanged),High Volatility,Defensive
Normal,High,Hike (Raised),High Volatility,Defensive
Normal,Low,Hike (Raised),High Volatility,Balanced
Normal,High,Hold (Unchanged),Low Volatility,Defensive
Normal,Target,Hike (Raised),High Volatility,Aggressive
Normal,Target,Hold (Unchanged),High Volatility,Aggressive
Crisis,Target,Cut (Lowered),High Volatility,Aggressive
Normal,Low,Cut (Lowered),Low Volatility,Aggressive
Normal,High,Hold (Unchanged),Low Volatility,Aggressive
Economic Boom,Target,Hold (Unchanged),Low Volatility,Aggressive
Normal,Low,Cut (Lowered),High Volatility,Aggressive
Normal,Low,Cut (Lowered),Low Volatility,Balanced
Crisis,Low,Cut (Lowered),High Volatility,Defensive
Normal,Low,Hike (Raised),Low Volatility,Balanced
Normal,Target,Hold (Unchanged),Low Volatility,Aggressive
Normal,High,Hold (Unchanged),Low Volatility,Balanced
Normal,Low,Hold (Unchanged),High Volatility,Aggressive
Normal,Low,Cut (Lowered),High Volatility,Defensive
Crisis,Target,Cut (Lowered),High Volatility,Balanced
Normal,High,Hike (Raised),High Volatility,Defensive
Normal,Target,Hold (Unchanged),High Volatility,Defensive
Normal,Target,Hike (Raised),High Volatility,Defensive
Crisis,Target,Cut (Lowered),High Volatility,Defensive
Economic Boom,Target,Cut (Lowered),High Volatility,Aggressive
Normal,Low,Hold (Unchanged),High Volatility,Defensive
Normal,Target,Hike (Raised),High Volatility,Defensive
Normal,Target,Hike (Raised),Low Volatility,Defensive
Normal,Target,Hold (Unchanged),Low Volatility,Aggressive
Crisis,Target,Hike (Raised),Low Volatility,Aggressive
Normal,Target,Hike (Raised),High Volatility,Balanced
Normal,Low,Hold (Unchanged),High Volatility,Balanced
Normal,Target,Hold (Unchanged),Low Volatility,Balanced
Normal,Low,Cut (Lowered),Low Volatility,Balanced
Crisis,Low,Hike (Raised),High Volatility,Aggressive
Normal,Target,Hold (Unchanged),Low Volatility,Balanced
Normal,High,Hold (Unchanged),High Volatility,Defensive
Normal,High,Hold (Unchanged),Low Volatility,Defensive
Normal,Target,Hold (Unchanged),Low Volatility,Balanced
Normal,Low,Cut (Lowered),Low Volatility,Balanced
Economic Boom,Low,Cut (Lowered),Low Volatility,Balanced
Normal,High,Hike (Raised),High Volatility,Defensive
Normal,Target,Hold (Unchanged),Low Volatility,Balanced
Crisis,Target,Cut (Lowered),High Volatility,Aggressive
Normal,High,Cut (Lowered),High Volatility,Balanced
Normal,Target,Cut (Lowered),Low Volatility,Aggressive
Normal,High,Hold (Unchanged),Low Volatility,Balanced
Normal,Low,Hold (Unchanged),Low Volatility,Balanced
Normal,Target,Cut (Lowered),Low Volatility,Balanced
Normal,High,Hike (Raised),High Volatility,Defensive
Economic Boom,Target,Hold (Unchanged),Low Volatility,Aggressive
Crisis,Target,Cut (Lowered),Low Volatility,Aggressive
Normal,Target,Cut (Lowered),High Volatility,Defensive
Normal,High,Cut (Lowered),High Volatility,Balanced
Economic Boom,Low,Hold (Unchanged),High Volatility,Defensive
Crisis,Target,Hold (Unchanged),High Volatility,Balanced
Normal,Low,Cut (Lowered),Low Volatility,Defensive
Economic Boom,Target,Cut (Lowered),High Volatility,Balanced
Economic Boom,Low,Cut (Lowered),Low Volatility,Defensive
Economic Boom,Low,Cut (Lowered),High Volatility,Defensive
Normal,Target,Hike (Raised),Low Volatility,Aggressive
Normal,High,Hold (Unchanged),Low Volatility,Balanced
Normal,Low,Hold (Unchanged),High Volatility,Balanced
Economic Boom,Low,Cut (Lowered),High Volatility,Defensive
Normal,High,Hold (Unchanged),High Volatility,Defensive
Normal,Target,Hold (Unchanged),High Volatility,Balanced
Normal,High,Cut (Lowered),Low Volatility,Balanced
Normal,Low,Hold (Unchanged),Low Volatility,Aggressive
Normal,Target,Hold (Unchanged),High Volatility,Balanced
Normal,Low,Hold (Unchanged),Low Volatility,Balanced
Normal,Low,Cut (Lowered),Low Volatility,Aggressive
Normal,Target,Hike (Raised),High Volatility,Aggressive
Normal,Target,Cut (Lowered),Low Volatility,Aggressive
Crisis,High,Hold (Unchanged),High Volatility,Defensive
Normal,Target,Hike (Raised),High Volatility,Balanced
Normal,Target,Hike (Raised),High Volatility,Defensive
Normal,Target,Hold (Unchanged),Low Volatility,Aggressive
Normal,High,Hold (Unchanged),Low Volatility,Aggressive
Normal,Target,Hold (Unchanged),Low Volatility,Aggressive
Normal,Target,Cut (Lowered),Low Volatility,Aggressive
Crisis,Target,Cut (Lowered),Low Volatility,Balanced
Normal,Target,Cut (Lowered),Low Volatility,Aggressive
Crisis,Target,Hike (Raised),Low Volatility,Aggressive
Crisis,High,Cut (Lowered),High Volatility,Defensive
Economic Boom,Target,Hold (Unchanged),Low Volatility,Aggressive
Normal,High,Hold (Unchanged),Low Volatility,Balanced
Economic Boom,Low,Cut (Lowered),Low Volatility,Balanced
Normal,Target,Hold (Unchanged),Low Volatility,Aggressive
Normal,High,Cut (Lowered),Low Volatility,Aggressive
Normal,Low,Cut (Lowered),Low Volatility,Balanced
Normal,High,Hold (Unchanged),High Volatility,Defensive
Normal,Target,Hike (Raised),Low Volatility,Aggressive
Normal,High,Hold (Unchanged),High Volatility,Defensive
Normal,Target,Hike (Raised),Low Volatility,Defensive
Economic Boom,Target,Cut (Lowered),High Volatility,Balanced
Economic Boom,Low,Cut (Lowered),Low Volatility,Defensive
Economic Boom,Target,Cut (Lowered),High Volatility,Balanced
Crisis,Low,Cut (Lowered),High Volatility,Aggressive
Normal,Low,Cut (Lowered),Low Volatility,Balanced
Economic Boom,Low,Cut (Lowered),Low Volatility,Aggressive
Normal,Target,Hold (Unchanged),Low Volatility,Balanced
Crisis,High,Cut (Lowered),High Volatility,Aggressive
Normal,Low,Hold (Unchanged),Low Volatility,Defensive
Normal,Low,Cut (Lowered),High Volatility,Defensive
Economic Boom,Target,Hold (Unchanged),Low Volatility,Aggressive
Crisis,Low,Cut (Lowered),High Volatility,Balanced
Normal,Low,Cut (Lowered),Low Volatility,Defensive
Normal,Low,Cut (Lowered),Low Volatility,Aggressive
Normal,High,Hold (Unchanged),Low Volatility,Balanced
Normal,High,Hold (Unchanged),High Volatility,Aggressive
Economic Boom,Target,Hike (Raised),High Volatility,Balanced
Normal,Target,Hold (Unchanged),High Volatility,Balanced
Normal,Target,Hold (Unchanged),Low Volatility,Aggressive
Normal,Target,Hold (Unchanged),Low Volatility,Balanced
Economic Boom,Target,Hold (Unchanged),Low Volatility,Aggressive
Normal,Target,Hold (Unchanged),Low Volatility,Aggressive
Economic Boom,Target,Hold (Unchanged),High Volatility,Defensive
Normal,Low,Cut (Lowered),Low Volatility,Defensive
Normal,Target,Cut (Lowered),Low Volatility,Balanced
Normal,High,Cut (Lowered),Low Volatility,Aggressive
Normal,Target,Hold (Unchanged),Low Volatility,Aggressive
Normal,High,Hold (Unchanged),High Volatility,Defensive
Normal,High,Hold (Unchanged),Low Volatility,Aggressive
Normal,Low,Cut (Lowered),Low Volatility,Balanced
Economic Boom,Target,Hold (Unchanged),High Volatility,Aggressive
Normal,Target,Hike (Raised),High Volatility,Balanced
Normal,High,Hike (Raised),Low Volatility,Defensive
Economic Boom,High,Hike (Raised),Low Volatility,Balanced
Normal,Target,Cut (Lowered),Low Volatility,Aggressive
Crisis,Low,Cut (Lowered),High Volatility,Aggressive
Economic Boom,High,Hike (Raised),High Volatility,Defensive
Normal,Low,Cut (Lowered),Low Volatility,Defensive
Normal,High,Hold (Unchanged),Low Volatility,Balanced
Crisis,High,Cut (Lowered),High Volatility,Defensive
Normal,Target,Hold (Unchanged),High Volatility,Defensive
Normal,Target,Cut (Lowered),Low Volatility,Aggressive
Normal,Target,Hold (Unchanged),Low Volatility,Aggressive
Economic Boom,Target,Hold (Unchanged),Low Volatility,Aggressive
Normal,Target,Hold (Unchanged),Low Volatility,Aggressive
Normal,High,Cut (Lowered),Low Volatility,Balanced
Normal,High,Hold (Unchanged),Low Volatility,Defensive
Normal,High,Hold (Unchanged),Low Volatility,Balanced
Normal,Low,Cut (Lowered),Low Volatility,Balanced
Crisis,High,Hold (Unchanged),Low Volatility,Balanced
Normal,Target,Hold (Unchanged),Low Volatility,Balanced
Normal,Target,Hold (Unchanged),Low Volatility,Aggressive
Economic Boom,Low,Cut (Lowered),Low Volatility,Aggressive
Normal,Target,Hold (Unchanged),Low Volatility,Aggressive
Economic Boom,High,Hike (Raised),High Volatility,Defensive
Crisis,Target,Cut (Lowered),High Volatility,Defensive
Economic Boom,Target,Hold (Unchanged),Low Volatility,Balanced
Crisis,Target,Cut (Lowered),High Volatility,Balanced
Normal,Target,Hold (Unchanged),High Volatility,Defensive
Normal,Low,Cut (Lowered),High Volatility,Aggressive
Crisis,Target,Cut (Lowered),High Volatility,Aggressive
Normal,Target,Hold (Unchanged),High Volatility,Balanced
Normal,Low,Hold (Unchanged),Low Volatility,Balanced
Normal,High,Hold (Unchanged),Low Volatility,Balanced
Normal,Low,Cut (Lowered),High Volatility,Aggressive
Normal,Target,Hike (Raised),Low Volatility,Aggressive
Normal,Target,Hold (Unchanged),Low Volatility,Defensive
Normal,Target,Hike (Raised),High Volatility,Defensive
Normal,Low,Hold (Unchanged),Low Volatility,Balanced
Normal,Low,Hold (Unchanged),Low Volatility,Balanced
Economic Boom,High,Hold (Unchanged),Low Volatility,Defensive
Normal,Target,Hold (Unchanged),Low Volatility,Aggressive
Normal,High,Cut (Lowered),Low Volatility,Balanced
Normal,High,Hold (Unchanged),Low Volatility,Defensive
Economic Boom,Low,Cut (Lowered),High Volatility,Aggressive
Normal,Target,Hold (Unchanged),High Volatility,Defensive
Normal,Target,Hold (Unchanged),Low Volatility,Aggressive
Normal,High,Hike (Raised),Low Volatility,Balanced
Normal,High,Cut (Lowered),High Volatility,Defensive
Crisis,Target,Cut (Lowered),Low Volatility,Aggressive
Economic Boom,High,Hike (Raised),High Volatility,Defensive
Economic Boom,Low,Cut (Lowered),Low Volatility,Aggressive
Normal,High,Hold (Unchanged),High Volatility,Defensive
Normal,High,Hold (Unchanged),Low Volatility,Balanced
Economic Boom,Low,Cut (Lowered),Low Volatility,Balanced
Normal,Target,Hold (Unchanged),Low Volatility,Aggressive
Normal,Low,Hold (Unchanged),Low Volatility,Aggressive
Normal,Target,Cut (Lowered),Low Volatility,Defensive
Normal,High,Hike (Raised),High Volatility,Defensive
Normal,Target,Hike (Raised),High Volatility,Balanced
Normal,Low,Cut (Lowered),Low Volatility,Defensive
Economic Boom,Target,Hold (Unchanged),Low Volatility,Aggressive
Economic Boom,High,Hike (Raised),High Volatility,Defensive
Normal,Target,Hold (Unchanged),High Volatility,Balanced
Crisis,Target,Cut (Lowered),High Volatility,Aggressive
Economic Boom,Low,Cut (Lowered),Low Volatility,Balanced
Economic Boom,High,Hike (Raised),Low Volatility,Balanced
Crisis,High,Cut (Lowered),High Volatility,Defensive
Economic Boom,Target,Hike (Raised),High Volatility,Balanced
Economic Boom,Low,Hold (Unchanged),Low Volatility,Defensive
Normal,Low,Cut (Lowered),Low Volatility,Balanced
Normal,Low,Hold (Unchanged),Low Volatility,Balanced
Normal,Target,Hold (Unchanged),High Volatility,Balanced
Crisis,High,Cut (Lowered),Low Volatility,Balanced
Normal,Target,Hold (Unchanged),Low Volatility,Balanced
Economic Boom,High,Hike (Raised),Low Volatility,Aggressive
Crisis,Target,Cut (Lowered),High Volatility,Defensive
Normal,Target,Hike (Raised),High Volatility,Aggressive
Normal,Target,Cut (Lowered),Low Volatility,Aggressive
Normal,Low,Cut (Lowered),Low Volatility,Balanced
Economic Boom,Target,Hold (Unchanged),Low Volatility,Balanced
Normal,Target,Cut (Lowered),Low Volatility,Aggressive
Normal,Low,Hike (Raised),High Volatility,Defensive
Normal,Target,Hike (Raised),High Volatility,Balanced
Normal,Target,Hold (Unchanged),Low Volatility,Aggressive
Normal,High,Hold (Unchanged),Low Volatility,Aggressive
Normal,Target,Cut (Lowered),Low Volatility,Aggressive
Crisis,High,Cut (Lowered),High Volatility,Aggressive
Normal,Target,Hold (Unchanged),Low Volatility,Aggressive
Normal,High,Hold (Unchanged),High Volatility,Defensive
Normal,Target,Hike (Raised),High Volatility,Balanced
Economic Boom,High,Hike (Raised),High Volatility,Defensive
Normal,Target,Hike (Raised),High Volatility,Balanced
Normal,Target,Hold (Unchanged),High Volatility,Balanced
Normal,Target,Hold (Unchanged),High Volatility,Balanced
Crisis,Target,Hold (Unchanged),High Volatility,Defensive
Normal,Low,Cut (Lowered),High Volatility,Aggressive
Normal,Low,Hold (Unchanged),Low Volatility,Defensive
Economic Boom,Low,Cut (Lowered),Low Volatility,Aggressive
Crisis,High,Cut (Lowered),Low Volatility,Aggressive
Normal,Low,Hold (Unchanged),Low Volatility,Aggressive
Crisis,Low,Cut (Lowered),High Volatility,Aggressive
Economic Boom,Target,Hike (Raised),High Volatility,Defensive
Normal,Target,Hike (Raised),Low Volatility,Aggressive
Normal,Target,Cut (Lowered),Low Volatility,Balanced
Crisis,Low,Cut (Lowered),Low Volatility,Defensive
Normal,High,Hold (Unchanged),Low Volatility,Balanced
Normal,High,Hold (Unchanged),Low Volatility,Defensive
Economic Boom,High,Hike (Raised),High Volatility,Aggressive
Normal,Target,Hold (Unchanged),Low Volatility,Aggressive
Normal,High,Hold (Unchanged),Low Volatility,Balanced
Crisis,Low,Hold (Unchanged),High Volatility,Balanced
Normal,Low,Cut (Lowered),Low Volatility,Balanced
Normal,Low,Hold (Unchanged),Low Volatility,Aggressive
Crisis,Target,Cut (Lowered),High Volatility,Balanced
Normal,Target,Hike (Raised),Low Volatility,Balanced
Normal,Target,Hold (Unchanged),High Volatility,Balanced
Normal,Low,Cut (Lowered),Low Volatility,Balanced
Normal,Target,Hold (Unchanged),Low Volatility,Aggressive
Normal,Target,Cut (Lowered),Low Volatility,Balanced
Normal,Target,Hike (Raised),Low Volatility,Defensive
Normal,Target,Cut (Lowered),High Volatility,Aggressive
Normal,Low,Hold (Unchanged),High Volatility,Aggressive
Economic Boom,High,Hike (Raised),High Volatility,Balanced
Economic Boom,Target,Hold (Unchanged),Low Volatility,Aggressive
Normal,Low,Cut (Lowered),Low Volatility,Balanced
Normal,Low,Cut (Lowered),Low Volatility,Balanced
Normal,Target,Hold (Unchanged),Low Volatility,Defensive
Normal,High,Hold (Unchanged),Low Volatility,Balanced
Crisis,Target,Hike (Raised),High Volatility,Defensive
Normal,Target,Hold (Unchanged),High Volatility,Balanced
Normal,High,Hold (Unchanged),Low Volatility,Aggressive
Normal,Target,Hold (Unchanged),Low Volatility,Balanced
Crisis,Target,Cut (Lowered),Low Volatility,Aggressive
Normal,Target,Hike (Raised),High Volatility,Defensive
Normal,Low,Cut (Lowered),Low Volatility,Balanced
Normal,Target,Cut (Lowered),Low Volatility,Aggressive
Crisis,Target,Cut (Lowered),High Volatility,Balanced
Crisis,High,Cut (Lowered),Low Volatility,Balanced
Normal,Target,Hold (Unchanged),High Volatility,Aggressive
Normal,Target,Hold (Unchanged),Low Volatility,Defensive
Normal,Target,Cut (Lowered),Low Volatility,Aggressive
Normal,High,Hold (Unchanged),Low Volatility,Defensive
Crisis,High,Hold (Unchanged),High Volatility,Balanced
Normal,Target,Cut (Lowered),High Volatility,Balanced
Normal,Target,Hike (Raised),Low Volatility,Aggressive
Economic Boom,Target,Cut (Lowered),Low Volatility,Aggressive
Economic Boom,Target,Hike (Raised),High Volatility,Defensive
Normal,Low,Cut (Lowered),Low Volatility,Aggressive
Normal,Target,Hold (Unchanged),Low Volatility,Balanced
Normal,Low,Cut (Lowered),Low Volatility,Defensive
Normal,High,Cut (Lowered),Low Volatility,Aggressive
Economic Boom,Target,Hold (Unchanged),High Volatility,Defensive
Crisis,High,Cut (Lowered),Low Volatility,Defensive
Crisis,Target,Cut (Lowered),Low Volatility,Aggressive
Normal,Target,Hold (Unchanged),Low Volatility,Aggressive
Crisis,Target,Cut (Lowered),High Volatility,Defensive
Normal,Low,Hold (Unchanged),Low Volatility,Balanced
Normal,Target,Hold (Unchanged),Low Volatility,Aggressive
Normal,Low,Cut (Lowered),Low Volatility,Aggressive
Economic Boom,Target,Hold (Unchanged),Low Volatility,Aggressive
Economic Boom,Target,Hold (Unchanged),High Volatility,Balanced
Normal,High,Hold (Unchanged),Low Volatility,Balanced
Normal,Low,Hold (Unchanged),Low Volatility,Balanced
Normal,Low,Cut (Lowered),Low Volatility,Defensive
Normal,Target,Cut (Lowered),High Volatility,Balanced
Normal,High,Hold (Unchanged),High Volatility,Aggressive
Normal,Target,Hold (Unchanged),High Volatility,Balanced
Normal,Target,Hike (Raised),Low Volatility,Defensive
Normal,Target,Hike (Raised),High Volatility,Balanced
Normal,Low,Cut (Lowered),Low Volatility,Balanced
Normal,High,Cut (Lowered),Low Volatility,Balanced
Economic Boom,Target,Hold (Unchanged),Low Volatility,Aggressive
Normal,Target,Hold (Unchanged),High Volatility,Balanced
Crisis,Target,Cut (Lowered),High Volatility,Defensive
Economic Boom,Low,Hold (Unchanged),High Volatility,Aggressive
Normal,High,Hold (Unchanged),High Volatility,Defensive
Economic Boom,Low,Cut (Lowered),Low Volatility,Defensive
Normal,Target,Cut (Lowered),Low Volatility,Balanced
Normal,Low,Hold (Unchanged),Low Volatility,Aggressive
Crisis,Target,Cut (Lowered),High Volatility,Aggressive
Normal,High,Hike (Raised),Low Volatility,Balanced
Normal,Target,Hold (Unchanged),High Volatility,Defensive
Normal,Target,Hold (Unchanged),Low Volatility,Defensive
Normal,High,Hike (Raised),High Volatility,Defensive
Crisis,Low,Hold (Unchanged),Low Volatility,Balanced
Economic Boom,Target,Hold (Unchanged),Low Volatility,Aggressive
Economic Boom,Low,Cut (Lowered),High Volatility,Balanced
Normal,High,Hold (Unchanged),Low Volatility,Balanced
Normal,Target,Hold (Unchanged),Low Volatility,Defensive
Normal,Target,Cut (Lowered),Low Volatility,Balanced
Crisis,Target,Hike (Raised),High Volatility,Balanced
Economic Boom,Low,Cut (Lowered),Low Volatility,Defensive
Crisis,Low,Cut (Lowered),High Volatility,Defensive
Normal,Target,Cut (Lowered),High Volatility,Balanced
Normal,Target,Hold (Unchanged),Low Volatility,Aggressive
Normal,Low,Cut (Lowered),Low Volatility,Balanced
Normal,Low,Cut (Lowered),Low Volatility,Aggressive
Economic Boom,High,Hike (Raised),Low Volatility,Balanced
Normal,High,Hold (Unchanged),Low Volatility,Balanced
Crisis,Target,Cut (Lowered),High Volatility,Defensive
Crisis,Target,Cut (Lowered),High Volatility,Aggressive
Economic Boom,Low,Hike (Raised),High Volatility,Defensive
Economic Boom,Target,Hold (Unchanged),Low Volatility,Balanced
Normal,High,Hike (Raised),High Volatility,Defensive
Normal,Low,Cut (Lowered),High Volatility,Aggressive
Normal,Low,Hold (Unchanged),Low Volatility,Aggressive
Normal,High,Hold (Unchanged),Low Volatility,Balanced
Economic Boom,Target,Cut (Lowered),Low Volatility,Aggressive
Normal,Low,Hold (Unchanged),Low Volatility,Balanced
Normal,Target,Hike (Raised),High Volatility,Aggressive
Normal,Target,Hold (Unchanged),High Volatility,Balanced
Crisis,Target,Hold (Unchanged),High Volatility,Aggressive
Normal,High,Hold (Unchanged),Low Volatility,Balanced
Normal,High,Hike (Raised),Low Volatility,Balanced
Crisis,Target,Cut (Lowered),High Volatility,Aggressive
Normal,High,Hold (Unchanged),High Volatility,Defensive
Normal,Target,Hold (Unchanged),Low Volatility,Aggressive
Normal,High,Hold (Unchanged),Low Volatility,Balanced
Normal,Target,Hike (Raised),High Volatility,Aggressive
Normal,High,Cut (Lowered),Low Volatility,Balanced
Normal,High,Cut (Lowered),Low Volatility,Balanced
Normal,Low,Cut (Lowered),Low Volatility,Balanced
Normal,High,Hold (Unchanged),Low Volatility,Balanced
Normal,High,Cut (Lowered),Low Volatility,Balanced
Normal,High,Hold (Unchanged),High Volatility,Aggressive
Economic Boom,Low,Hike (Raised),Low Volatility,Balanced
Normal,High,Hold (Unchanged),High Volatility,Defensive
Normal,High,Hold (Unchanged),Low Volatility,Aggressive
Crisis,Target,Hold (Unchanged),High Volatility,Defensive
Normal,High,Hold (Unchanged),High Volatility,Defensive
Normal,Low,Hike (Raised),High Volatility,Defensive
Crisis,Low,Hold (Unchanged),High Volatility,Aggressive
Normal,Target,Hold (Unchanged),Low Volatility,Balanced
Normal,Target,Hold (Unchanged),Low Volatility,Balanced
Normal,Target,Hold (Unchanged),Low Volatility,Aggressive
Normal,Low,Cut (Lowered),High Volatility,Aggressive
Crisis,High,Hold (Unchanged),High Volatility,Defensive
Crisis,Low,Cut (Lowered),High Volatility,Balanced
Normal,Low,Cut (Lowered),Low Volatility,Aggressive
Normal,Low,Cut (Lowered),Low Volatility,Defensive
Normal,Target,Cut (Lowered),High Volatility,Aggressive
Normal,High,Cut (Lowered),Low Volatility,Balanced
Normal,Target,Hike (Raised),High Volatility,Balanced
Economic Boom,High,Hike (Raised),High Volatility,Defensive
Normal,Low,Cut (Lowered),Low Volatility,Balanced
Normal,Target,Hold (Unchanged),Low Volatility,Defensive
Normal,Target,Hike (Raised),High Volatility,Balanced
Normal,Target,Hold (Unchanged),Low Volatility,Defensive
Normal,Low,Hold (Unchanged),High Volatility,Balanced
Crisis,Target,Cut (Lowered),Low Volatility,Balanced
Economic Boom,Target,Hike (Raised),High Volatility,Aggressive
Crisis,High,Cut (Lowered),High Volatility,Defensive
Economic Boom,Target,Hold (Unchanged),Low Volatility,Aggressive
Normal,Low,Cut (Lowered),High Volatility,Balanced
Normal,Target,Hold (Unchanged),Low Volatility,Aggressive
Normal,Low,Cut (Lowered),Low Volatility,Balanced
Economic Boom,High,Hike (Raised),High Volatility,Defensive
Normal,Target,Hold (Unchanged),Low Volatility,Defensive
Economic Boom,Low,Cut (Lowered),High Volatility,Defensive
Normal,High,Hike (Raised),High Volatility,Defensive
Normal,Target,Hold (Unchanged),Low Volatility,Aggressive
Economic Boom,Low,Hold (Unchanged),Low Volatility,Defensive
Normal,Target,Hold (Unchanged),Low Volatility,Defensive
Normal,Target,Hold (Unchanged),Low Volatility,Balanced
Normal,High,Hold (Unchanged),Low Volatility,Balanced
Economic Boom,High,Hike (Raised),High Volatility,Defensive
Economic Boom,High,Hike (Raised),High Volatility,Balanced
Crisis,Target,Cut (Lowered),High Volatility,Defensive
Normal,Target,Hike (Raised),High Volatility,Defensive
Economic Boom,High,Hike (Raised),High Volatility,Defensive
Normal,Low,Cut (Lowered),High Volatility,Balanced
Normal,Target,Hike (Raised),High Volatility,Balanced
Economic Boom,Target,Hold (Unchanged),High Volatility,Defensive
Crisis,Low,Hike (Raised),High Volatility,Aggressive
Normal,Target,Hold (Unchanged),Low Volatility,Balanced
Normal,High,Cut (Lowered),Low Volatility,Balanced
Economic Boom,High,Hike (Raised),Low Volatility,Balanced
Economic Boom,Low,Cut (Lowered),Low Volatility,Defensive
Economic Boom,Low,Cut (Lowered),High Volatility,Aggressive
Normal,Target,Hold (Unchanged),Low Volatility,Aggressive
Economic Boom,High,Hold (Unchanged),Low Volatility,Balanced
Economic Boom,Low,Cut (Lowered),Low Volatility,Balanced
Normal,Target,Hike (Raised),High Volatility,Defensive
Economic Boom,Low,Cut (Lowered),High Volatility,Balanced
Crisis,Target,Cut (Lowered),High Volatility,Balanced
Normal,Target,Cut (Lowered),Low Volatility,Aggressive
Normal,High,Hold (Unchanged),High Volatility,Defensive
Crisis,Low,Hold (Unchanged),High Volatility,Defensive
Crisis,Target,Hold (Unchanged),High Volatility,Defensive
Normal,Low,Hike (Raised),High Volatility,Defensive
Normal,Target,Hold (Unchanged),Low Volatility,Aggressive
Normal,High,Hold (Unchanged),High Volatility,Defensive
Crisis,Low,Hike (Raised),High Volatility,Balanced
Normal,High,Hold (Unchanged),Low Volatility,Defensive
Normal,Target,Hold (Unchanged),Low Volatility,Aggressive
Normal,Low,Cut (Lowered),High Volatility,Balanced
Normal,Target,Hike (Raised),Low Volatility,Aggressive
Normal,Low,Hold (Unchanged),High Volatility,Aggressive
Economic Boom,Target,Hold (Unchanged),Low Volatility,Aggressive
Normal,High,Hold (Unchanged),Low Volatility,Balanced
Normal,Low,Cut (Lowered),High Volatility,Balanced
Crisis,Target,Cut (Lowered),Low Volatility,Aggressive
Economic Boom,High,Hike (Raised),High Volatility,Aggressive
Crisis,High,Cut (Lowered),High Volatility,Defensive
Economic Boom,Target,Cut (Lowered),High Volatility,Balanced
Normal,High,Cut (Lowered),Low Volatility,Defensive
Economic Boom,Target,Hold (Unchanged),Low Volatility,Aggressive
Normal,Target,Hike (Raised),High Volatility,Balanced
Economic Boom,High,Hike (Raised),High Volatility,Defensive
Normal,Target,Hold (Unchanged),High Volatility,Balanced
Normal,Target,Hold (Unchanged),Low Volatility,Aggressive
Normal,Target,Hike (Raised),High Volatility,Balanced
Normal,High,Cut (Lowered),Low Volatility,Aggressive
Normal,High,Hold (Unchanged),Low Volatility,Balanced
Economic Boom,Target,Hold (Unchanged),Low Volatility,Aggressive
Economic Boom,Target,Cut (Lowered),Low Volatility,Aggressive
Normal,Target,Hike (Raised),Low Volatility,Balanced
Normal,Target,Hike (Raised),High Volatility,Balanced
Normal,Low,Cut (Lowered),Low Volatility,Balanced
Normal,High,Cut (Lowered),Low Volatility,Balanced
Normal,Target,Cut (Lowered),Low Volatility,Aggressive
Crisis,Target,Cut (Lowered),High Volatility,Balanced
Normal,Low,Cut (Lowered),Low Volatility,Balanced
Normal,Low,Cut (Lowered),Low Volatility,Balanced
Normal,High,Hold (Unchanged),Low Volatility,Defensive
Normal,Target,Hike (Raised),High Volatility,Defensive
Crisis,Low,Cut (Lowered),High Volatility,Defensive
Crisis,Target,Cut (Lowered),High Volatility,Defensive
Economic Boom,Target,Hold (Unchanged),High Volatility,Defensive
Normal,Low,Cut (Lowered),Low Volatility,Defensive
Normal,Target,Hold (Unchanged),Low Volatility,Balanced
Normal,Target,Hold (Unchanged),Low Volatility,Aggressive
Normal,Target,Cut (Lowered),High Volatility,Defensive
Economic Boom,Target,Hike (Raised),Low Volatility,Aggressive
Normal,Target,Hike (Raised),High Volatility,Aggressive
Crisis,High,Cut (Lowered),High Volatility,Defensive
Normal,Target,Hold (Unchanged),Low Volatility,Balanced
Economic Boom,Target,Hold (Unchanged),High Volatility,Aggressive
Economic Boom,Low,Hold (Unchanged),High Volatility,Balanced
Normal,Target,Hold (Unchanged),High Volatility,Defensive
Normal,High,Hike (Raised),High Volatility,Aggressive
Normal,Low,Cut (Lowered),High Volatility,Aggressive
Economic Boom,Target,Hold (Unchanged),Low Volatility,Aggressive
Normal,Low,Cut (Lowered),High Volatility,Balanced
Economic Boom,Target,Hike (Raised),High Volatility,Balanced
Normal,High,Hold (Unchanged),Low Volatility,Defensive
Normal,Target,Cut (Lowered),Low Volatility,Balanced
Normal,Target,Hold (Unchanged),Low Volatility,Aggressive
Normal,Low,Cut (Lowered),High Volatility,Aggressive
Normal,Target,Hold (Unchanged),High Volatility,Defensive
Normal,Low,Hold (Unchanged),Low Volatility,Balanced
Normal,High,Hike (Raised),High Volatility,Defensive
Normal,Low,Hold (Unchanged),Low Volatility,Balanced
Normal,High,Hike (Raised),High Volatility,Defensive
Crisis,Target,Cut (Lowered),High Volatility,Balanced
Economic Boom,Target,Hike (Raised),Low Volatility,Defensive
Economic Boom,Target,Hold (Unchanged),Low Volatility,Aggressive
Economic Boom,High,Hike (Raised),Low Volatility,Balanced
Economic Boom,Low,Hold (Unchanged),High Volatility,Defensive
Normal,Low,Cut (Lowered),Low Volatility,Defensive
Normal,Target,Hold (Unchanged),Low Volatility,Aggressive
Normal,Low,Cut (Lowered),High Volatility,Balanced
Normal,Low,Cut (Lowered),Low Volatility,Defensive
Normal,High,Hold (Unchanged),Low Volatility,Balanced
Economic Boom,High,Hike (Raised),High Volatility,Balanced
Normal,Target,Hold (Unchanged),Low Volatility,Defensive
Normal,High,Cut (Lowered),Low Volatility,Balanced
Normal,Target,Hold (Unchanged),High Volatility,Defensive
Normal,Target,Hold (Unchanged),High Volatility,Defensive
Normal,Target,Hike (Raised),High Volatility,Defensive
Crisis,Target,Hike (Raised),High Volatility,Balanced
Economic Boom,High,Hike (Raised),High Volatility,Balanced
Normal,Target,Hold (Unchanged),Low Volatility,Balanced
Crisis,Target,Cut (Lowered),High Volatility,Balanced
Economic Boom,Low,Hold (Unchanged),High Volatility,Balanced
Economic Boom,Low,Cut (Lowered),Low Volatility,Defensive
Economic Boom,Low,Cut (Lowered),Low Volatility,Balanced
Economic Boom,High,Hike (Raised),High Volatility,Defensive
Normal,High,Cut (Lowered),Low Volatility,Aggressive
Normal,High,Hold (Unchanged),Low Volatility,Aggressive
Crisis,Target,Hold (Unchanged),High Volatility,Balanced
Normal,Target,Hold (Unchanged),Low Volatility,Aggressive
Normal,Low,Cut (Lowered),High Volatility,Defensive
Normal,Target,Hike (Raised),High Volatility,Balanced
Normal,Target,Hold (Unchanged),Low Volatility,Aggressive
Normal,High,Hold (Unchanged),High Volatility,Defensive
Crisis,Target,Cut (Lowered),High Volatility,Balanced
Normal,Low,Cut (Lowered),Low Volatility,Balanced
Normal,Low,Cut (Lowered),Low Volatility,Balanced
Crisis,Low,Cut (Lowered),High Volatility,Defensive
Economic Boom,Target,Hold (Unchanged),Low Volatility,Aggressive
Normal,High,Hike (Raised),High Volatility,Defensive
Normal,Target,Hold (Unchanged),High Volatility,Defensive
Normal,High,Hike (Raised),Low Volatility,Defensive
Economic Boom,Target,Hold (Unchanged),Low Volatility,Aggressive
Normal,Target,Hike (Raised),Low Volatility,Defensive
Normal,Low,Cut (Lowered),High Volatility,Defensive
Normal,High,Hold (Unchanged),High Volatility,Defensive
Normal,High,Cut (Lowered),Low Volatility,Balanced
Economic Boom,Low,Cut (Lowered),Low Volatility,Balanced
Normal,Target,Hold (Unchanged),High Volatility,Balanced
Normal,Target,Hold (Unchanged),Low Volatility,Aggressive
Economic Boom,Target,Hike (Raised),High Volatility,Aggressive
Economic Boom,High,Hike (Raised),High Volatility,Defensive
Normal,Target,Cut (Lowered),High Volatility,Balanced
Economic Boom,Target,Hold (Unchanged),Low Volatility,Aggressive
Normal,Low,Cut (Lowered),Low Volatility,Balanced
Normal,Low,Cut (Lowered),Low Volatility,Balanced
Normal,Low,Hold (Unchanged),Low Volatility,Defensive
Normal,Low,Cut (Lowered),Low Volatility,Balanced
Normal,Target,Hike (Raised),High Volatility,Balanced
Economic Boom,Target,Cut (Lowered),Low Volatility,Aggressive
Economic Boom,Low,Cut (Lowered),Low Volatility,Aggressive
Crisis,High,Cut (Lowered),Low Volatility,Defensive
Economic Boom,Low,Cut (Lowered),Low Volatility,Defensive
Crisis,Target,Cut (Lowered),High Volatility,Defensive
Normal,Low,Hold (Unchanged),Low Volatility,Balanced
Normal,Target,Hold (Unchanged),Low Volatility,Balanced
Normal,Target,Hold (Unchanged),Low Volatility,Aggressive
Economic Boom,Target,Hold (Unchanged),High Volatility,Balanced
Economic Boom,Target,Cut (Lowered),Low Volatility,Aggressive
Normal,High,Hold (Unchanged),High Volatility,Defensive
Crisis,Low,Cut (Lowered),High Volatility,Aggressive
Normal,Low,Cut (Lowered),Low Volatility,Balanced
Normal,Low,Hold (Unchanged),Low Volatility,Aggressive
Economic Boom,Target,Hold (Unchanged),Low Volatility,Aggressive
Normal,Low,Hike (Raised),High Volatility,Defensive
Normal,High,Hold (Unchanged),High Volatility,Defensive
Normal,Target,Hike (Raised),High Volatility,Aggressive
Normal,Target,Hold (Unchanged),Low Volatility,Aggressive
Normal,Target,Hold (Unchanged),Low Volatility,Defensive
Crisis,Low,Hike (Raised),High Volatility,Balanced
Normal,Low,Cut (Lowered),Low Volatility,Balanced
Normal,Target,Cut (Lowered),Low Volatility,Balanced
Economic Boom,Target,Hold (Unchanged),High Volatility,Defensive
Normal,Low,Hike (Raised),High Volatility,Aggressive
Normal,Low,Hold (Unchanged),Low Volatility,Defensive
Economic Boom,High,Hike (Raised),High Volatility,Defensive
Crisis,Low,Cut (Lowered),Low Volatility,Balanced
Economic Boom,High,Hike (Raised),High Volatility,Defensive
Normal,High,Cut (Lowered),Low Volatility,Balanced
Crisis,Target,Cut (Lowered),High Volatility,Defensive
Normal,Low,Cut (Lowered),Low Volatility,Balanced
Normal,Low,Cut (Lowered),Low Volatility,Aggressive
Crisis,Target,Cut (Lowered),High Volatility,Balanced
Normal,Target,Cut (Lowered),Low Volatility,Balanced
Normal,High,Hold (Unchanged),High Volatility,Defensive
Normal,High,Hold (Unchanged),Low Volatility,Balanced
Crisis,Target,Cut (Lowered),High Volatility,Aggressive
Economic Boom,Low,Cut (Lowered),Low Volatility,Defensive
Economic Boom,Low,Hold (Unchanged),Low Volatility,Aggressive
Economic Boom,High,Hike (Raised),Low Volatility,Balanced
Normal,Low,Cut (Lowered),Low Volatility,Balanced
Crisis,Low,Hike (Raised),High Volatility,Defensive
Normal,Target,Hold (Unchanged),High Volatility,Defensive
Crisis,Target,Cut (Lowered),High Volatility,Balanced
Crisis,High,Cut (Lowered),High Volatility,Balanced
Normal,Target,Hold (Unchanged),High Volatility,Balanced
Normal,Low,Hike (Raised),High Volatility,Defensive
Normal,High,Hike (Raised),Low Volatility,Defensive
Normal,Target,Hold (Unchanged),High Volatility,Balanced
Normal,Target,Hold (Unchanged),Low Volatility,Aggressive
Normal,Target,Cut (Lowered),Low Volatility,Balanced
Economic Boom,Low,Cut (Lowered),Low Volatility,Defensive
Normal,Target,Cut (Lowered),High Volatility,Balanced
Normal,Low,Hold (Unchanged),Low Volatility,Balanced
Normal,Target,Hold (Unchanged),Low Volatility,Aggressive
Normal,Target,Cut (Lowered),Low Volatility,Aggressive
Normal,High,Hike (Raised),High Volatility,Defensive
Normal,High,Hold (Unchanged),Low Volatility,Defensive
Crisis,Low,Cut (Lowered),Low Volatility,Balanced
Normal,Target,Hold (Unchanged),Low Volatility,Aggressive
Normal,Target,Hold (Unchanged),High Volatility,Aggressive
Normal,Low,Cut (Lowered),High Volatility,Aggressive
Economic Boom,High,Hold (Unchanged),High Volatility,Defensive
Normal,Target,Hold (Unchanged),Low Volatility,Aggressive
Normal,Low,Hold (Unchanged),Low Volatility,Aggressive
Economic Boom,Target,Hike (Raised),High Volatility,Balanced
Normal,Low,Cut (Lowered),Low Volatility,Defensive
Normal,Target,Hold (Unchanged),High Volatility,Aggressive
Normal,Low,Hold (Unchanged),Low Volatility,Balanced
Normal,High,Hike (Raised),High Volatility,Defensive
Economic Boom,High,Hike (Raised),Low Volatility,Defensive
Normal,Target,Hold (Unchanged),High Volatility,Balanced
Economic Boom,Target,Hold (Unchanged),Low Volatility,Aggressive
Normal,High,Hold (Unchanged),Low Volatility,Defensive
Normal,Target,Cut (Lowered),Low Volatility,Aggressive
Crisis,Low,Cut (Lowered),High Volatility,Balanced
Normal,Target,Cut (Lowered),Low Volatility,Aggressive
Normal,High,Hold (Unchanged),Low Volatility,Defensive
Economic Boom,Target,Hold (Unchanged),Low Volatility,Aggressive
Normal,Target,Hike (Raised),High Volatility,Defensive
Economic Boom,High,Hike (Raised),High Volatility,Defensive
Normal,High,Hold (Unchanged),Low Volatility,Balanced
Economic Boom,High,Hike (Raised),High Volatility,Balanced
Normal,Low,Hold (Unchanged),Low Volatility,Balanced
Normal,Target,Cut (Lowered),Low Volatility,Defensive
Economic Boom,Target,Hold (Unchanged),Low Volatility,Balanced
Normal,High,Cut (Lowered),Low Volatility,Balanced
Normal,Target,Hold (Unchanged),Low Volatility,Aggressive
Crisis,Low,Cut (Lowered),High Volatility,Aggressive
Crisis,High,Cut (Lowered),High Volatility,Defensive
Economic Boom,Target,Hold (Unchanged),Low Volatility,Balanced
Normal,Low,Hold (Unchanged),Low Volatility,Defensive
Normal,Target,Hold (Unchanged),Low Volatility,Aggressive
Normal,Low,Hold (Unchanged),Low Volatility,Defensive
Crisis,Target,Hold (Unchanged),Low Volatility,Balanced
Crisis,Low,Hike (Raised),High Volatility,Balanced
Normal,Target,Hold (Unchanged),Low Volatility,Balanced
Normal,Target,Hike (Raised),High Volatility,Defensive
Normal,Target,Cut (Lowered),Low Volatility,Balanced
Normal,Target,Hold (Unchanged),Low Volatility,Balanced
Crisis,High,Hold (Unchanged),Low Volatility,Balanced
Normal,Low,Cut (Lowered),Low Volatility,Aggressive
Normal,Low,Cut (Lowered),Low Volatility,Defensive
Normal,High,Hold (Unchanged),High Volatility,Defensive
Normal,Low,Cut (Lowered),High Volatility,Aggressive
Normal,High,Hold (Unchanged),Low Volatility,Aggressive
Crisis,High,Hold (Unchanged),Low Volatility,Balanced
Crisis,Target,Hold (Unchanged),High Volatility,Balanced
Normal,High,Hold (Unchanged),High Volatility,Defensive
Normal,Low,Cut (Lowered),Low Volatility,Balanced
Normal,Target,Hike (Raised),High Volatility,Aggressive
Normal,Target,Hold (Unchanged),Low Volatility,Aggressive
Normal,Target,Cut (Lowered),Low Volatility,Aggressive
Economic Boom,High,Hold (Unchanged),Low Volatility,Defensive
Normal,Low,Cut (Lowered),High Volatility,Balanced
Crisis,Target,Cut (Lowered),High Volatility,Balanced
Normal,Target,Cut (Lowered),High Volatility,Balanced
Crisis,Target,Cut (Lowered),Low Volatility,Defensive
Normal,Target,Hold (Unchanged),Low Volatility,Aggressive
Economic Boom,Target,Hold (Unchanged),Low Volatility,Aggressive
Crisis,High,Hold (Unchanged),Low Volatility,Defensive
Normal,Low,Hold (Unchanged),Low Volatility,Defensive
Normal,High,Hold (Unchanged),Low Volatility,Defensive
Normal,Target,Hold (Unchanged),High Volatility,Balanced
Normal,High,Hike (Raised),High Volatility,Defensive
Crisis,Target,Cut (Lowered),High Volatility,Aggressive
Normal,Low,Hold (Unchanged),Low Volatility,Defensive
Normal,Target,Cut (Lowered),Low Volatility,Aggressive
Crisis,High,Hike (Raised),High Volatility,Defensive
Normal,Target,Hold (Unchanged),Low Volatility,Balanced
Crisis,High,Cut (Lowered),Low Volatility,Defensive
Crisis,Target,Hold (Unchanged),Low Volatility,Balanced
Normal,Low,Cut (Lowered),Low Volatility,Aggressive
Crisis,Target,Cut (Lowered),Low Volatility,Balanced
Normal,High,Hold (Unchanged),High Volatility,Defensive
Normal,Target,Hold (Unchanged),High Volatility,Defensive
Economic Boom,High,Cut (Lowered),Low Volatility,Aggressive
Normal,High,Cut (Lowered),Low Volatility,Defensive
Normal,Target,Hold (Unchanged),Low Volatility,Balanced
Crisis,Low,Cut (Lowered),High Volatility,Balanced
Normal,Target,Hold (Unchanged),Low Volatility,Aggressive
Normal,Target,Hold (Unchanged),Low Volatility,Aggressive
Crisis,High,Cut (Lowered),High Volatility,Defensive
Economic Boom,Target,Cut (Lowered),Low Volatility,Aggressive
Crisis,Target,Cut (Lowered),High Volatility,Aggressive
Normal,High,Cut (Lowered),Low Volatility,Balanced
Normal,Target,Cut (Lowered),Low Volatility,Balanced
Economic Boom,Target,Cut (Lowered),Low Volatility,Aggressive
Normal,Target,Hike (Raised),High Volatility,Defensive
Economic Boom,Target,Cut (Lowered),Low Volatility,Balanced
Normal,Target,Hold (Unchanged),Low Volatility,Aggressive
Economic Boom,High,Hold (Unchanged),Low Volatility,Aggressive
Crisis,Target,Cut (Lowered),High Volatility,Balanced
Economic Boom,Target,Hold (Unchanged),High Volatility,Aggressive
Normal,Target,Hold (Unchanged),Low Volatility,Aggressive
Economic Boom,Target,Hike (Raised),High Volatility,Balanced
Normal,Target,Hike (Raised),Low Volatility,Aggressive
Normal,High,Hold (Unchanged),Low Volatility,Balanced
Normal,Target,Hold (Unchanged),Low Volatility,Balanced
Normal,Target,Hold (Unchanged),Low Volatility,Balanced
Crisis,Target,Cut (Lowered),High Volatility,Balanced
Crisis,Low,Hike (Raised),High Volatility,Balanced
Normal,Target,Hold (Unchanged),High Volatility,Defensive
Normal,Target,Hold (Unchanged),High Volatility,Balanced
Economic Boom,Target,Hold (Unchanged),High Volatility,Balanced
Normal,Target,Cut (Lowered),High Volatility,Aggressive
Economic Boom,Low,Hike (Raised),High Volatility,Balanced
Normal,Low,Cut (Lowered),Low Volatility,Balanced
Normal,High,Hold (Unchanged),Low Volatility,Aggressive
Normal,Target,Cut (Lowered),Low Volatility,Aggressive
Normal,Target,Hike (Raised),High Volatility,Balanced
Normal,Low,Cut (Lowered),High Volatility,Aggressive
Normal,Low,Hold (Unchanged),Low Volatility,Balanced
Normal,Target,Cut (Lowered),Low Volatility,Balanced
Normal,Target,Hike (Raised),High Volatility,Defensive
Economic Boom,Target,Hold (Unchanged),High Volatility,Balanced
Economic Boom,Low,Cut (Lowered),Low Volatility,Balanced
Normal,Target,Hold (Unchanged),High Volatility,Balanced
Normal,Low,Cut (Lowered),Low Volatility,Balanced
Normal,Low,Cut (Lowered),Low Volatility,Defensive
Crisis,Target,Hold (Unchanged),High Volatility,Defensive
Crisis,Target,Cut (Lowered),High Volatility,Balanced
Normal,Low,Cut (Lowered),Low Volatility,Defensive
Normal,Target,Cut (Lowered),Low Volatility,Aggressive
Economic Boom,Target,Hold (Unchanged),High Volatility,Balanced
Normal,High,Hike (Raised),High Volatility,Defensive
Normal,Target,Hold (Unchanged),Low Volatility,Balanced
Normal,Low,Hike (Raised),High Volatility,Balanced
Normal,Target,Hike (Raised),High Volatility,Aggressive
Normal,High,Cut (Lowered),Low Volatility,Aggressive
Economic Boom,Target,Cut (Lowered),Low Volatility,Aggressive
Crisis,Target,Hold (Unchanged),Low Volatility,Aggressive
Economic Boom,Low,Cut (Lowered),Low Volatility,Defensive
Normal,Target,Cut (Lowered),High Volatility,Balanced
Normal,Low,Cut (Lowered),Low Volatility,Aggressive
Normal,Target,Hold (Unchanged),High Volatility,Defensive
Normal,High,Hold (Unchanged),Low Volatility,Defensive
Economic Boom,High,Hold (Unchanged),High Volatility,Defensive
Economic Boom,Target,Cut (Lowered),Low Volatility,Aggressive
Normal,Target,Hike (Raised),High Volatility,Balanced
Normal,High,Hold (Unchanged),Low Volatility,Defensive
Normal,Target,Hold (Unchanged),High Volatility,Aggressive
Economic Boom,Low,Hold (Unchanged),Low Volatility,Balanced
Normal,Target,Hold (Unchanged),Low Volatility,Balanced
Normal,Low,Hold (Unchanged),High Volatility,Balanced
Normal,Target,Hold (Unchanged),Low Volatility,Balanced
Normal,Target,Hold (Unchanged),Low Volatility,Aggressive
Crisis,Target,Hold (Unchanged),High Volatility,Balanced
Normal,Target,Hold (Unchanged),Low Volatility,Aggressive
Economic Boom,Low,Hike (Raised),High Volatility,Balanced
Normal,Target,Hold (Unchanged),Low Volatility,Aggressive
Normal,High,Hike (Raised),Low Volatility,Defensive
Economic Boom,Target,Hike (Raised),High Volatility,Balanced
Normal,Target,Hold (Unchanged),High Volatility,Aggressive
Economic Boom,High,Hike (Raised),High Volatility,Defensive
Normal,High,Hold (Unchanged),Low Volatility,Defensive
Normal,Low,Hike (Raised),Low Volatility,Balanced
Economic Boom,Low,Cut (Lowered),Low Volatility,Balanced
Normal,Target,Hold (Unchanged),Low Volatility,Balanced
Normal,High,Hold (Unchanged),Low Volatility,Balanced
Normal,High,Hold (Unchanged),Low Volatility,Balanced
Normal,High,Cut (Lowered),High Volatility,Balanced
Normal,Target,Hold (Unchanged),Low Volatility,Balanced
Normal,Target,Hold (Unchanged),Low Volatility,Aggressive
Economic Boom,Low,Cut (Lowered),Low Volatility,Defensive
Normal,Low,Cut (Lowered),Low Volatility,Balanced
Normal,Target,Hold (Unchanged),High Volatility,Balanced
Normal,Target,Hold (Unchanged),Low Volatility,Balanced
Normal,Target,Cut (Lowered),Low Volatility,Aggressive
Crisis,Target,Hold (Unchanged),High Volatility,Defensive
Economic Boom,Target,Hike (Raised),High Volatility,Balanced
Normal,Target,Hold (Unchanged),Low Volatility,Balanced
Normal,Low,Cut (Lowered),Low Volatility,Balanced
Crisis,Target,Cut (Lowered),High Volatility,Defensive
Normal,High,Hold (Unchanged),Low Volatility,Aggressive
Normal,Target,Hold (Unchanged),Low Volatility,Aggressive
Normal,High,Hold (Unchanged),Low Volatility,Aggressive
Economic Boom,Target,Hold (Unchanged),Low Volatility,Balanced
Normal,Target,Hold (Unchanged),Low Volatility,Aggressive
Normal,Target,Hold (Unchanged),High Volatility,Defensive
Normal,Target,Hold (Unchanged),Low Volatility,Aggressive
Normal,High,Hold (Unchanged),High Volatility,Defensive
Normal,Target,Cut (Lowered),Low Volatility,Aggressive
Normal,High,Hold (Unchanged),High Volatility,Defensive
Crisis,Low,Hold (Unchanged),High Volatility,Defensive
Normal,High,Hold (Unchanged),Low Volatility,Balanced
Normal,Low,Hold (Unchanged),High Volatility,Defensive
Normal,High,Hold (Unchanged),High Volatility,Aggressive
Economic Boom,Target,Cut (Lowered),Low Volatility,Aggressive
Economic Boom,Target,Hold (Unchanged),Low Volatility,Aggressive
Normal,Target,Hold (Unchanged),Low Volatility,Aggressive
Economic Boom,High,Hike (Raised),High Volatility,Defensive
Normal,Low,Cut (Lowered),Low Volatility,Aggressive
Crisis,Target,Cut (Lowered),High Volatility,Balanced
Normal,High,Cut (Lowered),Low Volatility,Balanced
Crisis,Target,Cut (Lowered),High Volatility,Balanced
Normal,Low,Cut (Lowered),Low Volatility,Defensive
Economic Boom,Target,Hold (Unchanged),Low Volatility,Balanced
Crisis,Target,Hike (Raised),High Volatility,Defensive
Crisis,High,Cut (Lowered),High Volatility,Aggressive
Normal,High,Hold (Unchanged),Low Volatility,Defensive
Economic Boom,Target,Hold (Unchanged),Low Volatility,Aggressive
Normal,High,Hold (Unchanged),Low Volatility,Balanced
Normal,Target,Hold (Unchanged),Low Volatility,Balanced
Crisis,Low,Hike (Raised),High Volatility,Balanced
Crisis,Target,Cut (Lowered),High Volatility,Balanced
Economic Boom,Target,Hike (Raised),High Volatility,Defensive
Economic Boom,Low,Cut (Lowered),Low Volatility,Balanced
Crisis,High,Cut (Lowered),High Volatility,Defensive
Economic Boom,High,Hike (Raised),High Volatility,Defensive
Normal,Target,Cut (Lowered),Low Volatility,Aggressive
Economic Boom,Target,Hold (Unchanged),Low Volatility,Aggressive
Normal,Target,Cut (Lowered),Low Volatility,Aggressive
Normal,High,Hold (Unchanged),Low Volatility,Aggressive
Normal,High,Hike (Raised),High Volatility,Defensive
Normal,Target,Hold (Unchanged),Low Volatility,Balanced
Crisis,High,Hold (Unchanged),High Volatility,Defensive
Crisis,Target,Cut (Lowered),High Volatility,Defensive
Normal,Target,Hold (Unchanged),Low Volatility,Aggressive
Normal,Low,Hike (Raised),High Volatility,Aggressive
Normal,Low,Hold (Unchanged),Low Volatility,Balanced
Normal,Target,Hold (Unchanged),Low Volatility,Balanced
Economic Boom,Target,Hold (Unchanged),Low Volatility,Aggressive
Crisis,Low,Cut (Lowered),High Volatility,Defensive
Normal,Target,Hold (Unchanged),Low Volatility,Aggressive
Normal,Low,Cut (Lowered),Low Volatility,Balanced
Economic Boom,Target,Hold (Unchanged),Low Volatility,Aggressive
Normal,Target,Hike (Raised),High Volatility,Balanced
Normal,High,Hike (Raised),High Volatility,Balanced
Economic Boom,Target,Hold (Unchanged),High Volatility,Defensive
Economic Boom,Low,Cut (Lowered),High Volatility,Aggressive
Normal,Target,Hike (Raised),High Volatility,Balanced
Normal,High,Cut (Lowered),High Volatility,Balanced
Normal,High,Hold (Unchanged),Low Volatility,Balanced
Economic Boom,Target,Cut (Lowered),Low Volatility,Balanced
Normal,Target,Hold (Unchanged),High Volatility,Aggressive
Crisis,High,Hike (Raised),Low Volatility,Balanced
Economic Boom,Low,Cut (Lowered),High Volatility,Defensive
Normal,Target,Hold (Unchanged),Low Volatility,Balanced
Normal,Target,Hold (Unchanged),High Volatility,Balanced
Normal,Low,Hike (Raised),High Volatility,Balanced
Normal,Target,Hike (Raised),High Volatility,Balanced
Normal,Target,Hold (Unchanged),Low Volatility,Aggressive
Normal,Target,Cut (Lowered),High Volatility,Balanced
Crisis,High,Cut (Lowered),Low Volatility,Balanced
Normal,Target,Hold (Unchanged),Low Volatility,Aggressive
Economic Boom,High,Hike (Raised),High Volatility,Defensive
Crisis,Low,Cut (Lowered),Low Volatility,Aggressive
Economic Boom,Target,Cut (Lowered),Low Volatility,Defensive
Normal,Low,Cut (Lowered),Low Volatility,Balanced
Economic Boom,High,Hike (Raised),High Volatility,Defensive
Normal,High,Hike (Raised),High Volatility,Defensive
Normal,Target,Cut (Lowered),Low Volatility,Defensive
Normal,High,Hold (Unchanged),Low Volatility,Defensive
Economic Boom,Target,Hike (Raised),High Volatility,Balanced
Normal,High,Hold (Unchanged),Low Volatility,Aggressive
Normal,Target,Hold (Unchanged),High Volatility,Balanced
Normal,High,Cut (Lowered),Low Volatility,Balanced
Economic Boom,Target,Hold (Unchanged),Low Volatility,Balanced
Normal,Low,Hold (Unchanged),Low Volatility,Defensive
Normal,Target,Hold (Unchanged),Low Volatility,Defensive
Normal,Low,Hold (Unchanged),Low Volatility,Defensive
Economic Boom,Target,Hold (Unchanged),Low Volatility,Aggressive
Crisis,Target,Cut (Lowered),High Volatility,Defensive
Normal,Target,Hold (Unchanged),Low Volatility,Defensive
Crisis,Low,Cut (Lowered),High Volatility,Balanced
Normal,Low,Cut (Lowered),Low Volatility,Aggressive
Normal,Target,Hold (Unchanged),Low Volatility,Aggressive
Normal,High,Hold (Unchanged),High Volatility,Defensive
Normal,Target,Hold (Unchanged),Low Volatility,Defensive
Normal,Target,Hold (Unchanged),High Volatility,Balanced
Normal,Target,Hold (Unchanged),Low Volatility,Balanced
Normal,Target,Hike (Raised),Low Volatility,Aggressive
Normal,Target,Hold (Unchanged),Low Volatility,Aggressive
Normal,Target,Hold (Unchanged),Low Volatility,Aggressive
Crisis,Low,Hold (Unchanged),High Volatility,Aggressive
Normal,High,Hold (Unchanged),Low Volatility,Balanced
Normal,Low,Cut (Lowered),Low Volatility,Balanced
Normal,Target,Cut (Lowered),Low Volatility,Balanced
Normal,Low,Cut (Lowered),Low Volatility,Aggressive
Normal,Low,Cut (Lowered),Low Volatility,Defensive
Economic Boom,High,Hike (Raised),High Volatility,Balanced
Normal,Low,Cut (Lowered),Low Volatility,Balanced
Normal,Low,Hold (Unchanged),Low Volatility,Defensive
Crisis,Target,Cut (Lowered),High Volatility,Aggressive
Normal,Low,Cut (Lowered),Low Volatility,Defensive
Normal,Low,Cut (Lowered),Low Volatility,Aggressive
Normal,High,Hike (Raised),High Volatility,Defensive
Normal,High,Hike (Raised),High Volatility,Balanced
Normal,High,Cut (Lowered),Low Volatility,Balanced
Normal,High,Hold (Unchanged),Low Volatility,Balanced
Normal,Target,Hold (Unchanged),Low Volatility,Balanced
Economic Boom,Low,Cut (Lowered),High Volatility,Defensive
Normal,High,Hold (Unchanged),Low Volatility,Aggressive
Economic Boom,High,Hike (Raised),High Volatility,Defensive
Crisis,High,Cut (Lowered),High Volatility,Defensive
Normal,Target,Hold (Unchanged),High Volatility,Balanced
Crisis,Low,Cut (Lowered),High Volatility,Balanced
Normal,High,Hold (Unchanged),Low Volatility,Defensive
Economic Boom,Target,Cut (Lowered),High Volatility,Defensive
Normal,High,Hold (Unchanged),Low Volatility,Defensive
Economic Boom,Low,Hold (Unchanged),Low Volatility,Aggressive
Crisis,Low,Cut (Lowered),Low Volatility,Defensive
Economic Boom,Low,Cut (Lowered),High Volatility,Aggressive
Normal,High,Hold (Unchanged),High Volatility,Defensive
Crisis,Low,Cut (Lowered),High Volatility,Defensive
Normal,Low,Cut (Lowered),Low Volatility,Balanced
Normal,High,Hold (Unchanged),Low Volatility,Defensive
Normal,Low,Cut (Lowered),Low Volatility,Balanced
Normal,High,Hike (Raised),High Volatility,Balanced
Economic Boom,Target,Hold (Unchanged),Low Volatility,Defensive
Normal,High,Hold (Unchanged),High Volatility,Defensive
Normal,Target,Hike (Raised),High Volatility,Balanced
Normal,High,Cut (Lowered),Low Volatility,Defensive
Normal,High,Hike (Raised),High Volatility,Defensive
Normal,Low,Cut (Lowered),Low Volatility,Aggressive
Normal,Low,Cut (Lowered),Low Volatility,Defensive
Crisis,Target,Hold (Unchanged),High Volatility,Aggressive
Normal,Target,Hike (Raised),High Volatility,Balanced
Normal,High,Hold (Unchanged),Low Volatility,Defensive
Normal,Target,Hold (Unchanged),Low Volatility,Aggressive
Normal,Target,Hold (Unchanged),High Volatility,Aggressive
Normal,Low,Hold (Unchanged),Low Volatility,Balanced
Crisis,High,Cut (Lowered),High Volatility,Defensive
Normal,High,Hike (Raised),High Volatility,Balanced
Normal,Target,Hold (Unchanged),Low Volatility,Balanced
Economic Boom,Target,Hold (Unchanged),Low Volatility,Aggressive
Normal,Low,Cut (Lowered),Low Volatility,Aggressive
Economic Boom,Target,Hold (Unchanged),High Volatility,Balanced
Normal,Target,Hike (Raised),Low Volatility,Aggressive
Crisis,Low,Cut (Lowered),High Volatility,Balanced
Normal,Target,Hike (Raised),Low Volatility,Aggressive
Economic Boom,Target,Cut (Lowered),Low Volatility,Aggressive
Normal,Target,Hold (Unchanged),Low Volatility,Balanced
Economic Boom,Target,Hike (Raised),Low Volatility,Aggressive
Economic Boom,Low,Cut (Lowered),High Volatility,Defensive
Normal,High,Hold (Unchanged),High Volatility,Defensive
Normal,Target,Hold (Unchanged),Low Volatility,Balanced
Normal,Target,Hike (Raised),High Volatility,Defensive
Normal,Low,Hold (Unchanged),Low Volatility,Balanced
Economic Boom,High,Hold (Unchanged),High Volatility,Balanced
Economic Boom,High,Hike (Raised),High Volatility,Defensive
Normal,Low,Cut (Lowered),Low Volatility,Balanced
Normal,Target,Hold (Unchanged),High Volatility,Defensive
Normal,Low,Hold (Unchanged),Low Volatility,Balanced
Normal,Target,Hold (Unchanged),Low Volatility,Balanced
Economic Boom,Low,Hold (Unchanged),High Volatility,Defensive
Normal,Target,Hold (Unchanged),High Volatility,Balanced
Normal,Target,Cut (Lowered),Low Volatility,Aggressive
Crisis,Target,Cut (Lowered),High Volatility,Defensive
Normal,Target,Cut (Lowered),High Volatility,Balanced
Normal,Target,Hold (Unchanged),Low Volatility,Aggressive
Normal,Target,Hold (Unchanged),Low Volatility,Balanced
Normal,Low,Cut (Lowered),Low Volatility,Defensive
Normal,Low,Cut (Lowered),High Volatility,Balanced
Economic Boom,High,Hike (Raised),High Volatility,Defensive
Normal,Low,Hold (Unchanged),Low Volatility,Aggressive
Crisis,Target,Cut (Lowered),High Volatility,Balanced
Crisis,High,Cut (Lowered),High Volatility,Defensive
Normal,Target,Hike (Raised),High Volatility,Balanced
Normal,Target,Hold (Unchanged),Low Volatility,Aggressive
Normal,Target,Hike (Raised),High Volatility,Defensive
Normal,High,Cut (Lowered),Low Volatility,Aggressive
Normal,High,Hold (Unchanged),Low Volatility,Balanced
Normal,Target,Hike (Raised),High Volatility,Defensive
Normal,Low,Hold (Unchanged),High Volatility,Balanced
Economic Boom,Target,Hold (Unchanged),Low Volatility,Balanced
Crisis,Target,Cut (Lowered),High Volatility,Defensive
Normal,Target,Hold (Unchanged),Low Volatility,Aggressive
Normal,Low,Cut (Lowered),Low Volatility,Balanced
Normal,Low,Hold (Unchanged),Low Volatility,Balanced
Normal,High,Hold (Unchanged),Low Volatility,Defensive
Normal,Target,Hold (Unchanged),Low Volatility,Aggressive
Economic Boom,Target,Hike (Raised),High Volatility,Defensive
Crisis,Target,Cut (Lowered),High Volatility,Balanced
Crisis,High,Cut (Lowered),High Volatility,Defensive
Normal,Target,Hike (Raised),High Volatility,Balanced
Normal,Target,Hold (Unchanged),Low Volatility,Aggressive
Normal,Low,Cut (Lowered),Low Volatility,Aggressive
Crisis,Target,Cut (Lowered),High Volatility,Aggressive
Crisis,High,Cut (Lowered),High Volatility,Aggressive
Economic Boom,Target,Hold (Unchanged),High Volatility,Balanced
Normal,Target,Hold (Unchanged),Low Volatility,Aggressive
Normal,Target,Hike (Raised),High Volatility,Aggressive
Normal,Target,Hike (Raised),High Volatility,Balanced
Normal,High,Hike (Raised),High Volatility,Defensive
Crisis,Target,Cut (Lowered),High Volatility,Defensive
Normal,Low,Hold (Unchanged),Low Volatility,Aggressive
Crisis,Low,Cut (Lowered),High Volatility,Balanced
Economic Boom,Target,Cut (Lowered),High Volatility,Aggressive
Normal,High,Cut (Lowered),Low Volatility,Balanced
Normal,Target,Hold (Unchanged),Low Volatility,Balanced
Economic Boom,High,Hike (Raised),High Volatility,Defensive
Normal,High,Hold (Unchanged),Low Volatility,Aggressive
Normal,Low,Cut (Lowered),Low Volatility,Defensive
Normal,Low,Hike (Raised),Low Volatility,Aggressive
Normal,Low,Cut (Lowered),Low Volatility,Balanced
Normal,Target,Hold (Unchanged),Low Volatility,Balanced
Economic Boom,Low,Cut (Lowered),Low Volatility,Balanced
Normal,Target,Cut (Lowered),Low Volatility,Defensive
Normal,Target,Hike (Raised),Low Volatility,Defensive
Normal,Target,Cut (Lowered),High Volatility,Balanced
Normal,Low,Cut (Lowered),Low Volatility,Defensive
Crisis,Target,Cut (Lowered),High Volatility,Defensive
Normal,Target,Cut (Lowered),Low Volatility,Aggressive
Economic Boom,Target,Cut (Lowered),High Volatility,Balanced
Normal,High,Cut (Lowered),Low Volatility,Balanced
Normal,Low,Cut (Lowered),Low Volatility,Defensive
Normal,High,Hold (Unchanged),Low Volatility,Aggressive
Normal,Target,Hold (Unchanged),Low Volatility,Aggressive
Crisis,Target,Cut (Lowered),High Volatility,Balanced
Normal,Target,Hold (Unchanged),Low Volatility,Aggressive
Normal,Target,Hike (Raised),Low Volatility,Aggressive
Normal,Low,Hike (Raised),High Volatility,Balanced
Normal,Target,Hold (Unchanged),Low Volatility,Aggressive
Normal,Target,Hike (Raised),Low Volatility,Balanced
Economic Boom,Target,Hold (Unchanged),Low Volatility,Balanced
Normal,Target,Hold (Unchanged),Low Volatility,Defensive
Normal,High,Hold (Unchanged),High Volatility,Defensive
Normal,Target,Hold (Unchanged),Low Volatility,Balanced
Economic Boom,Low,Cut (Lowered),Low Volatility,Aggressive
Economic Boom,Target,Hold (Unchanged),High Volatility,Defensive
Normal,High,Hike (Raised),High Volatility,Aggressive
Economic Boom,High,Hike (Raised),High Volatility,Defensive
Normal,Target,Hold (Unchanged),High Volatility,Defensive
Normal,High,Hold (Unchanged),Low Volatility,Balanced
Crisis,Target,Cut (Lowered),High Volatility,Defensive
Normal,Target,Cut (Lowered),High Volatility,Aggressive
Crisis,High,Cut (Lowered),High Volatility,Balanced
Economic Boom,High,Hike (Raised),High Volatility,Defensive
Normal,Target,Cut (Lowered),Low Volatility,Aggressive
Normal,High,Hike (Raised),High Volatility,Defensive
Crisis,Low,Cut (Lowered),Low Volatility,Defensive
Normal,High,Hold (Unchanged),Low Volatility,Balanced
Normal,Target,Cut (Lowered),Low Volatility,Aggressive
Normal,Low,Cut (Lowered),High Volatility,Defensive
Crisis,Low,Hold (Unchanged),High Volatility,Balanced
Economic Boom,Target,Hold (Unchanged),Low Volatility,Defensive
Normal,Target,Hike (Raised),High Volatility,Balanced
Normal,Target,Hike (Raised),Low Volatility,Defensive
Normal,Low,Cut (Lowered),Low Volatility,Aggressive
Normal,Target,Hold (Unchanged),Low Volatility,Aggressive
Normal,Target,Hike (Raised),High Volatility,Defensive
Normal,Target,Hike (Raised),Low Volatility,Balanced
Economic Boom,Target,Hold (Unchanged),High Volatility,Defensive
Normal,Target,Hold (Unchanged),Low Volatility,Aggressive
Economic Boom,High,Hike (Raised),High Volatility,Defensive
Economic Boom,High,Hike (Raised),Low Volatility,Aggressive
Normal,Target,Hold (Unchanged),Low Volatility,Aggressive
Economic Boom,Target,Hike (Raised),High Volatility,Balanced
Crisis,Low,Cut (Lowered),High Volatility,Defensive
Economic Boom,Low,Cut (Lowered),Low Volatility,Balanced
Normal,Target,Hold (Unchanged),Low Volatility,Aggressive
Economic Boom,High,Hold (Unchanged),Low Volatility,Balanced
Economic Boom,Low,Cut (Lowered),High Volatility,Balanced
Economic Boom,Low,Hike (Raised),High Volatility,Balanced
Normal,Low,Cut (Lowered),Low Volatility,Balanced
Normal,High,Hold (Unchanged),Low Volatility,Aggressive
Crisis,Target,Cut (Lowered),High Volatility,Defensive
Normal,Target,Hold (Unchanged),Low Volatility,Aggressive
Normal,Target,Hold (Unchanged),Low Volatility,Aggressive
Normal,Target,Hold (Unchanged),Low Volatility,Defensive
Normal,Target,Cut (Lowered),High Volatility,Balanced
Economic Boom,Low,Cut (Lowered),Low Volatility,Aggressive
Normal,High,Hold (Unchanged),Low Volatility,Balanced
Economic Boom,Target,Hold (Unchanged),High Volatility,Defensive
Crisis,Target,Hike (Raised),High Volatility,Defensive
Economic Boom,Low,Cut (Lowered),Low Volatility,Balanced
Economic Boom,Target,Cut (Lowered),Low Volatility,Balanced
Normal,Target,Hold (Unchanged),Low Volatility,Aggressive
Normal,Target,Hold (Unchanged),Low Volatility,Aggressive
Normal,Low,Cut (Lowered),Low Volatility,Defensive
Normal,High,Hold (Unchanged),Low Volatility,Aggressive
Normal,Low,Cut (Lowered),Low Volatility,Balanced
Normal,Target,Hold (Unchanged),High Volatility,Defensive
Crisis,High,Hike (Raised),Low Volatility,Balanced
Normal,Target,Hold (Unchanged),High Volatility,Defensive
Crisis,Target,Cut (Lowered),High Volatility,Aggressive
Crisis,Target,Cut (Lowered),High Volatility,Balanced
Crisis,Target,Hike (Raised),High Volatility,Aggressive
Economic Boom,High,Hike (Raised),High Volatility,Defensive
Normal,Target,Cut (Lowered),Low Volatility,Aggressive
Economic Boom,Target,Cut (Lowered),High Volatility,Defensive
Normal,Target,Hold (Unchanged),Low Volatility,Aggressive
Normal,Target,Cut (Lowered),Low Volatility,Aggressive
Normal,Target,Hold (Unchanged),Low Volatility,Balanced
Normal,Target,Cut (Lowered),Low Volatility,Aggressive
Crisis,High,Cut (Lowered),Low Volatility,Balanced
Normal,High,Hike (Raised),High Volatility,Balanced
Normal,Target,Hike (Raised),High Volatility,Balanced
Normal,Target,Hold (Unchanged),Low Volatility,Aggressive
Normal,High,Hold (Unchanged),Low Volatility,Aggressive
Normal,Low,Hold (Unchanged),Low Volatility,Balanced
Crisis,Low,Cut (Lowered),High Volatility,Balanced
Normal,Target,Hold (Unchanged),Low Volatility,Aggressive
Normal,High,Hold (Unchanged),High Volatility,Defensive
Crisis,High,Cut (Lowered),High Volatility,Defensive
Economic Boom,Target,Hold (Unchanged),High Volatility,Defensive
Crisis,Low,Cut (Lowered),High Volatility,Defensive
Normal,Target,Hold (Unchanged),Low Volatility,Aggressive
Economic Boom,Low,Cut (Lowered),Low Volatility,Balanced
Normal,Target,Hold (Unchanged),Low Volatility,Aggressive
Crisis,High,Cut (Lowered),High Volatility,Defensive
Crisis,Low,Hold (Unchanged),High Volatility,Balanced
Normal,High,Hold (Unchanged),Low Volatility,Defensive
Crisis,Target,Cut (Lowered),High Volatility,Balanced
Normal,Target,Hold (Unchanged),Low Volatility,Balanced
Crisis,Low,Cut (Lowered),High Volatility,Balanced
Normal,Target,Cut (Lowered),Low Volatility,Aggressive
Economic Boom,Low,Hold (Unchanged),Low Volatility,Aggressive
Economic Boom,High,Hold (Unchanged),High Volatility,Defensive
Normal,High,Cut (Lowered),Low Volatility,Defensive
Normal,Target,Hold (Unchanged),Low Volatility,Aggressive
Normal,Low,Cut (Lowered),Low Volatility,Aggressive
Normal,High,Hold (Unchanged),Low Volatility,Balanced
Normal,Target,Hold (Unchanged),Low Volatility,Aggressive
Crisis,Low,Cut (Lowered),High Volatility,Balanced
Economic Boom,Target,Hold (Unchanged),High Volatility,Balanced
Normal,High,Hold (Unchanged),Low Volatility,Balanced
Normal,Low,Cut (Lowered),Low Volatility,Balanced
Normal,Low,Hold (Unchanged),High Volatility,Defensive
Normal,High,Hold (Unchanged),Low Volatility,Defensive
Economic Boom,Low,Cut (Lowered),Low Volatility,Defensive
Normal,Low,Cut (Lowered),High Volatility,Defensive
Normal,Target,Hold (Unchanged),High Volatility,Balanced
Crisis,High,Hike (Raised),High Volatility,Defensive
Normal,Target,Hike (Raised),High Volatility,Defensive
Normal,High,Cut (Lowered),Low Volatility,Aggressive
Crisis,Target,Cut (Lowered),High Volatility,Defensive
Normal,Low,Cut (Lowered),Low Volatility,Balanced
Normal,High,Hold (Unchanged),High Volatility,Defensive
Crisis,Target,Cut (Lowered),Low Volatility,Balanced
Normal,Target,Hold (Unchanged),High Volatility,Defensive
Normal,Target,Hike (Raised),High Volatility,Balanced
Crisis,Target,Hold (Unchanged),Low Volatility,Aggressive
Normal,Low,Cut (Lowered),Low Volatility,Defensive
Economic Boom,Low,Cut (Lowered),Low Volatility,Balanced
Economic Boom,Target,Hold (Unchanged),Low Volatility,Defensive
Economic Boom,High,Hike (Raised),High Volatility,Balanced
Normal,Target,Hike (Raised),High Volatility,Balanced
Crisis,High,Hike (Raised),High Volatility,Defensive
Normal,Target,Hold (Unchanged),Low Volatility,Balanced
Normal,Target,Hold (Unchanged),Low Volatility,Aggressive
Economic Boom,Low,Cut (Lowered),High Volatility,Balanced
Crisis,Low,Cut (Lowered),Low Volatility,Balanced
Normal,Target,Hold (Unchanged),Low Volatility,Balanced
Normal,High,Hold (Unchanged),High Volatility,Defensive
Normal,High,Hold (Unchanged),Low Volatility,Aggressive
Normal,High,Hold (Unchanged),Low Volatility,Aggressive
Normal,Low,Cut (Lowered),Low Volatility,Balanced
Normal,High,Cut (Lowered),High Volatility,Defensive
Normal,Target,Cut (Lowered),Low Volatility,Aggressive
Normal,Low,Cut (Lowered),High Volatility,Balanced
Normal,High,Cut (Lowered),High Volatility,Aggressive
Economic Boom,Target,Hold (Unchanged),Low Volatility,Aggressive
Economic Boom,Low,Cut (Lowered),Low Volatility,Balanced
Normal,Target,Hike (Raised),High Volatility,Defensive
Normal,Target,Hold (Unchanged),Low Volatility,Aggressive
Normal,Target,Cut (Lowered),Low Volatility,Aggressive
Normal,Target,Hold (Unchanged),High Volatility,Balanced
Normal,High,Hike (Raised),High Volatility,Defensive
Economic Boom,Low,Cut (Lowered),Low Volatility,Defensive
Crisis,Target,Cut (Lowered),High Volatility,Balanced
Economic Boom,Target,Hold (Unchanged),Low Volatility,Aggressive
Normal,Target,Hold (Unchanged),Low Volatility,Aggressive
Normal,Target,Hold (Unchanged),Low Volatility,Aggressive
Normal,Target,Hold (Unchanged),Low Volatility,Aggressive
Economic Boom,High,Hike (Raised),High Volatility,Defensive
Normal,High,Hike (Raised),High Volatility,Defensive
Normal,High,Hold (Unchanged),Low Volatility,Balanced
Crisis,High,Cut (Lowered),High Volatility,Defensive
Normal,Target,Hold (Unchanged),High Volatility,Balanced
Normal,High,Hike (Raised),High Volatility,Defensive
Normal,Target,Cut (Lowered),Low Volatility,Balanced
Normal,Target,Hike (Raised),High Volatility,Defensive
Normal,Target,Cut (Lowered),Low Volatility,Aggressive
Crisis,Target,Cut (Lowered),High Volatility,Aggressive
Crisis,Target,Hold (Unchanged),Low Volatility,Aggressive
Normal,High,Hold (Unchanged),Low Volatility,Defensive
Crisis,Target,Cut (Lowered),Low Volatility,Aggressive
Crisis,Low,Cut (Lowered),Low Volatility,Balanced
Crisis,Target,Cut (Lowered),High Volatility,Balanced
Economic Boom,Low,Cut (Lowered),Low Volatility,Balanced
Normal,Low,Cut (Lowered),Low Volatility,Balanced
Normal,Low,Cut (Lowered),High Volatility,Balanced
Normal,Target,Hike (Raised),High Volatility,Aggressive
Normal,Target,Hike (Raised),High Volatility,Defensive
Normal,High,Cut (Lowered),High Volatility,Defensive
Normal,Target,Hold (Unchanged),Low Volatility,Defensive
Normal,Target,Cut (Lowered),High Volatility,Balanced
Normal,Target,Cut (Lowered),Low Volatility,Balanced
Crisis,Target,Cut (Lowered),Low Volatility,Balanced
Normal,High,Hike (Raised),High Volatility,Defensive
Normal,Low,Hike (Raised),High Volatility,Defensive
Normal,Low,Cut (Lowered),High Volatility,Balanced
Crisis,High,Cut (Lowered),High Volatility,Defensive
Crisis,Target,Cut (Lowered),High Volatility,Balanced
Economic Boom,Low,Cut (Lowered),Low Volatility,Balanced
Normal,Low,Cut (Lowered),Low Volatility,Defensive
Normal,High,Hold (Unchanged),Low Volatility,Balanced
Normal,High,Hold (Unchanged),Low Volatility,Aggressive
Normal,Target,Hold (Unchanged),High Volatility,Aggressive
Normal,Target,Hike (Raised),High Volatility,Defensive
Crisis,Target,Cut (Lowered),High Volatility,Balanced
Normal,High,Hold (Unchanged),Low Volatility,Balanced
Normal,High,Hold (Unchanged),Low Volatility,Defensive
Normal,Low,Hold (Unchanged),Low Volatility,Defensive
Normal,High,Hold (Unchanged),Low Volatility,Balanced
Crisis,Low,Cut (Lowered),High Volatility,Balanced
Economic Boom,Low,Hike (Raised),Low Volatility,Balanced
Normal,Target,Cut (Lowered),Low Volatility,Aggressive
Normal,Target,Cut (Lowered),Low Volatility,Balanced
Economic Boom,High,Hike (Raised),High Volatility,Defensive
Normal,Low,Hold (Unchanged),Low Volatility,Balanced
Normal,Target,Hold (Unchanged),Low Volatility,Balanced
Normal,High,Hike (Raised),High Volatility,Aggressive
Economic Boom,High,Hike (Raised),High Volatility,Defensive
Normal,Low,Cut (Lowered),Low Volatility,Aggressive
Crisis,Target,Cut (Lowered),High Volatility,Balanced
Normal,Target,Hold (Unchanged),Low Volatility,Aggressive
Economic Boom,Low,Cut (Lowered),Low Volatility,Balanced
Normal,High,Cut (Lowered),High Volatility,Defensive
Normal,High,Cut (Lowered),High Volatility,Defensive
Normal,Low,Cut (Lowered),High Volatility,Aggressive
Normal,Low,Hold (Unchanged),High Volatility,Balanced
Normal,Low,Cut (Lowered),Low Volatility,Defensive
Economic Boom,High,Hike (Raised),High Volatility,Defensive
Normal,Low,Cut (Lowered),Low Volatility,Aggressive
Crisis,Target,Hike (Raised),High Volatility,Balanced
Normal,Target,Hike (Raised),High Volatility,Balanced
Economic Boom,Target,Hold (Unchanged),Low Volatility,Defensive
Normal,Low,Hike (Raised),High Volatility,Balanced
Normal,Low,Cut (Lowered),High Volatility,Defensive
Economic Boom,High,Hike (Raised),Low Volatility,Defensive
Economic Boom,High,Hike (Raised),High Volatility,Defensive
Economic Boom,High,Hike (Raised),High Volatility,Defensive
Economic Boom,Low,Cut (Lowered),Low Volatility,Balanced
Normal,Target,Cut (Lowered),High Volatility,Aggressive
Normal,Target,Hold (Unchanged),Low Volatility,Balanced
Normal,Target,Hold (Unchanged),Low Volatility,Aggressive
Economic Boom,High,Hike (Raised),High Volatility,Defensive
Normal,Target,Hold (Unchanged),Low Volatility,Balanced
Normal,Low,Hike (Raised),High Volatility,Balanced
Normal,High,Cut (Lowered),Low Volatility,Balanced
Normal,High,Hike (Raised),High Volatility,Defensive
Normal,Low,Hike (Raised),High Volatility,Aggressive
Economic Boom,Target,Hold (Unchanged),Low Volatility,Aggressive
Economic Boom,Target,Cut (Lowered),Low Volatility,Aggressive
Crisis,Target,Cut (Lowered),High Volatility,Balanced
Normal,Low,Cut (Lowered),Low Volatility,Defensive
Crisis,Target,Cut (Lowered),High Volatility,Balanced
Normal,High,Hold (Unchanged),Low Volatility,Defensive
Economic Boom,Target,Hike (Raised),High Volatility,Balanced
Normal,Low,Cut (Lowered),High Volatility,Balanced
Normal,Target,Hold (Unchanged),Low Volatility,Aggressive
Economic Boom,Target,Hold (Unchanged),High Volatility,Defensive
Normal,High,Hike (Raised),High Volatility,Defensive
Normal,Target,Hike (Raised),High Volatility,Defensive
Normal,Low,Hold (Unchanged),Low Volatility,Balanced
Normal,Low,Cut (Lowered),Low Volatility,Balanced
Normal,High,Hold (Unchanged),Low Volatility,Aggressive
Normal,Target,Hike (Raised),High Volatility,Defensive
Normal,High,Hold (Unchanged),Low Volatility,Balanced
Economic Boom,Low,Cut (Lowered),High Volatility,Balanced
Normal,Target,Cut (Lowered),Low Volatility,Aggressive
Normal,Target,Cut (Lowered),Low Volatility,Aggressive
Normal,High,Hold (Unchanged),Low Volatility,Defensive
Normal,High,Cut (Lowered),Low Volatility,Balanced
Crisis,Low,Cut (Lowered),High Volatility,Balanced
Normal,Target,Hold (Unchanged),Low Volatility,Aggressive
Normal,Low,Cut (Lowered),Low Volatility,Aggressive
Economic Boom,Target,Hold (Unchanged),Low Volatility,Balanced
Crisis,Target,Cut (Lowered),High Volatility,Aggressive
Normal,High,Cut (Lowered),Low Volatility,Defensive
Economic Boom,High,Hold (Unchanged),Low Volatility,Aggressive
Normal,Target,Hold (Unchanged),High Volatility,Aggressive
Normal,Target,Hold (Unchanged),Low Volatility,Aggressive
Normal,High,Hold (Unchanged),Low Volatility,Balanced
Normal,High,Cut (Lowered),Low Volatility,Defensive
Normal,Low,Hold (Unchanged),Low Volatility,Defensive
Normal,Target,Hold (Unchanged),High Volatility,Defensive
Normal,Target,Cut (Lowered),High Volatility,Defensive
Normal,Low,Cut (Lowered),Low Volatility,Balanced
Crisis,Low,Hike (Raised),Low Volatility,Defensive
Normal,Low,Cut (Lowered),Low Volatility,Aggressive
Crisis,Target,Cut (Lowered),High Volatility,Balanced
Normal,Target,Hold (Unchanged),Low Volatility,Aggressive
Normal,Low,Hold (Unchanged),High Volatility,Balanced
Economic Boom,Low,Hold (Unchanged),Low Volatility,Balanced
Normal,High,Hold (Unchanged),Low Volatility,Defensive
Normal,High,Hold (Unchanged),High Volatility,Defensive
Crisis,Target,Cut (Lowered),Low Volatility,Aggressive
Normal,Target,Hike (Raised),High Volatility,Balanced
Economic Boom,High,Hike (Raised),High Volatility,Defensive
Economic Boom,Low,Cut (Lowered),High Volatility,Aggressive
Normal,Low,Hike (Raised),Low Volatility,Defensive
Normal,Target,Hike (Raised),Low Volatility,Aggressive
Normal,Low,Hike (Raised),High Volatility,Balanced
Economic Boom,Target,Hike (Raised),High Volatility,Balanced
Normal,High,Hike (Raised),High Volatility,Balanced
Normal,Target,Hold (Unchanged),High Volatility,Balanced
Normal,Target,Hike (Raised),High Volatility,Balanced
Normal,High,Hike (Raised),High Volatility,Defensive
Crisis,Low,Cut (Lowered),Low Volatility,Aggressive
Normal,Low,Cut (Lowered),Low Volatility,Balanced
Normal,Target,Hike (Raised),High Volatility,Defensive
Normal,Target,Hold (Unchanged),Low Volatility,Aggressive
Crisis,Low,Hold (Unchanged),High Volatility,Defensive
Normal,Target,Cut (Lowered),Low Volatility,Defensive
Normal,Target,Cut (Lowered),Low Volatility,Aggressive
Normal,Target,Hold (Unchanged),Low Volatility,Aggressive
Crisis,Target,Cut (Lowered),High Volatility,Defensive
Normal,Target,Hold (Unchanged),Low Volatility,Aggressive
Normal,Low,Cut (Lowered),Low Volatility,Aggressive
Normal,Target,Cut (Lowered),Low Volatility,Defensive
Normal,Low,Cut (Lowered),Low Volatility,Balanced
Normal,High,Hold (Unchanged),Low Volatility,Balanced
Economic Boom,Target,Cut (Lowered),Low Volatility,Balanced
Normal,Target,Hold (Unchanged),Low Volatility,Aggressive
Economic Boom,High,Hike (Raised),High Volatility,Defensive
Normal,Target,Cut (Lowered),High Volatility,Balanced
Crisis,Target,Cut (Lowered),High Volatility,Aggressive
Crisis,High,Cut (Lowered),High Volatility,Defensive
Normal,High,Cut (Lowered),Low Volatility,Aggressive
Normal,Target,Hold (Unchanged),Low Volatility,Aggressive
Normal,Low,Hold (Unchanged),Low Volatility,Balanced
Normal,Target,Hike (Raised),Low Volatility,Aggressive
Normal,High,Hike (Raised),Low Volatility,Defensive
Normal,Low,Cut (Lowered),High Volatility,Aggressive
Crisis,Low,Cut (Lowered),High Volatility,Balanced
Normal,High,Hold (Unchanged),Low Volatility,Balanced
Normal,Low,Hold (Unchanged),Low Volatility,Balanced
Crisis,High,Hike (Raised),High Volatility,Defensive
Normal,Target,Cut (Lowered),Low Volatility,Aggressive
Normal,Target,Cut (Lowered),Low Volatility,Aggressive
Normal,Low,Cut (Lowered),High Volatility,Aggressive
Economic Boom,High,Hike (Raised),High Volatility,Defensive
Economic Boom,Target,Hike (Raised),High Volatility,Defensive
Normal,Target,Hold (Unchanged),Low Volatility,Aggressive
Normal,Target,Hike (Raised),High Volatility,Balanced
Normal,Target,Hold (Unchanged),High Volatility,Balanced
Normal,High,Hike (Raised),High Volatility,Aggressive
Crisis,Target,Hike (Raised),High Volatility,Defensive
Normal,Target,Hike (Raised),High Volatility,Balanced
Economic Boom,High,Hike (Raised),High Volatility,Defensive
Normal,Target,Cut (Lowered),Low Volatility,Aggressive
Normal,Target,Hold (Unchanged),High Volatility,Aggressive
Normal,Low,Cut (Lowered),Low Volatility,Aggressive
Normal,High,Hike (Raised),High Volatility,Defensive
Normal,Target,Cut (Lowered),Low Volatility,Aggressive
Normal,Target,Hold (Unchanged),Low Volatility,Aggressive
Crisis,Target,Hold (Unchanged),High Volatility,Balanced
Crisis,Low,Cut (Lowered),High Volatility,Defensive
Economic Boom,Target,Hold (Unchanged),High Volatility,Balanced
Normal,Low,Cut (Lowered),Low Volatility,Aggressive
Normal,Target,Hold (Unchanged),High Volatility,Aggressive
Normal,Target,Cut (Lowered),Low Volatility,Aggressive
Economic Boom,Target,Hike (Raised),High Volatility,Aggressive
Normal,Target,Hold (Unchanged),Low Volatility,Balanced
Normal,High,Hike (Raised),High Volatility,Defensive
Economic Boom,High,Hike (Raised),Low Volatility,Aggressive
Economic Boom,Low,Cut (Lowered),Low Volatility,Defensive
Normal,Low,Cut (Lowered),High Volatility,Defensive
Economic Boom,Target,Cut (Lowered),Low Volatility,Aggressive
Normal,High,Hold (Unchanged),High Volatility,Defensive
Normal,High,Cut (Lowered),High Volatility,Defensive
Crisis,High,Cut (Lowered),High Volatility,Defensive
Crisis,Target,Cut (Lowered),Low Volatility,Aggressive
Normal,Target,Hold (Unchanged),Low Volatility,Aggressive
Normal,Target,Cut (Lowered),Low Volatility,Balanced
Normal,Low,Hold (Unchanged),High Volatility,Balanced
Normal,Low,Hike (Raised),High Volatility,Balanced
Normal,High,Cut (Lowered),Low Volatility,Balanced
Normal,Low,Cut (Lowered),Low Volatility,Balanced
Normal,Low,Hike (Raised),High Volatility,Balanced
Crisis,Low,Cut (Lowered),Low Volatility,Balanced
Normal,High,Hike (Raised),High Volatility,Defensive
Normal,Target,Cut (Lowered),Low Volatility,Aggressive
Economic Boom,Target,Hike (Raised),High Volatility,Balanced
Crisis,High,Cut (Lowered),High Volatility,Defensive
Crisis,Target,Hike (Raised),High Volatility,Balanced
Normal,Target,Hold (Unchanged),Low Volatility,Balanced
Normal,Low,Cut (Lowered),High Volatility,Balanced
Normal,Low,Cut (Lowered),Low Volatility,Defensive
Economic Boom,High,Hike (Raised),High Volatility,Defensive
Normal,High,Hold (Unchanged),Low Volatility,Balanced
Normal,Target,Hold (Unchanged),High Volatility,Balanced
Normal,Target,Hike (Raised),High Volatility,Balanced
Normal,Target,Hold (Unchanged),Low Volatility,Aggressive
Normal,Low,Hold (Unchanged),Low Volatility,Aggressive
Crisis,Low,Cut (Lowered),High Volatility,Balanced
Normal,Low,Hike (Raised),High Volatility,Balanced
Crisis,Target,Hike (Raised),High Volatility,Aggressive
Crisis,High,Cut (Lowered),High Volatility,Defensive
Economic Boom,Target,Hike (Raised),High Volatility,Balanced
Crisis,Low,Hold (Unchanged),Low Volatility,Defensive
Normal,Target,Hold (Unchanged),Low Volatility,Balanced
Normal,High,Hold (Unchanged),High Volatility,Defensive
Normal,Low,Cut (Lowered),Low Volatility,Balanced
Economic Boom,Low,Hold (Unchanged),Low Volatility,Balanced
Crisis,Target,Cut (Lowered),High Volatility,Aggressive
Normal,Target,Cut (Lowered),Low Volatility,Balanced
Economic Boom,Target,Hold (Unchanged),Low Volatility,Aggressive
Normal,High,Hold (Unchanged),Low Volatility,Balanced
Economic Boom,High,Hike (Raised),High Volatility,Defensive
Crisis,High,Hike (Raised),Low Volatility,Aggressive
Normal,Target,Hold (Unchanged),High Volatility,Defensive
Normal,Target,Cut (Lowered),Low Volatility,Defensive
Normal,Low,Hold (Unchanged),High Volatility,Balanced
Economic Boom,High,Hike (Raised),High Volatility,Defensive
Normal,Target,Hold (Unchanged),Low Volatility,Aggressive
Normal,Low,Cut (Lowered),Low Volatility,Aggressive
Normal,Target,Hold (Unchanged),Low Volatility,Defensive
Normal,Target,Hold (Unchanged),Low Volatility,Aggressive
Normal,Target,Hold (Unchanged),Low Volatility,Aggressive
Economic Boom,Target,Hold (Unchanged),High Volatility,Aggressive
Normal,Target,Hike (Raised),High Volatility,Aggressive
Normal,High,Hold (Unchanged),High Volatility,Defensive
Crisis,Target,Cut (Lowered),Low Volatility,Aggressive
Normal,Target,Hike (Raised),Low Volatility,Balanced
Normal,Target,Hold (Unchanged),High Volatility,Balanced
Normal,Target,Hold (Unchanged),Low Volatility,Aggressive
Economic Boom,High,Hike (Raised),High Volatility,Defensive
Normal,Target,Hold (Unchanged),Low Volatility,Aggressive
Normal,Target,Hike (Raised),High Volatility,Balanced
Crisis,Low,Cut (Lowered),High Volatility,Balanced
Economic Boom,High,Hike (Raised),Low Volatility,Balanced
Normal,Target,Cut (Lowered),Low Volatility,Balanced
Crisis,Target,Cut (Lowered),High Volatility,Defensive
Normal,Low,Hike (Raised),High Volatility,Defensive
Normal,Low,Hold (Unchanged),Low Volatility,Aggressive
Crisis,Target,Cut (Lowered),Low Volatility,Defensive
Normal,High,Hold (Unchanged),Low Volatility,Aggressive
Normal,Target,Hold (Unchanged),Low Volatility,Balanced
Normal,High,Hold (Unchanged),Low Volatility,Balanced
Economic Boom,Target,Hold (Unchanged),Low Volatility,Aggressive
Economic Boom,Target,Hold (Unchanged),Low Volatility,Aggressive
Normal,Low,Cut (Lowered),Low Volatility,Defensive
Normal,High,Hike (Raised),High Volatility,Defensive
Normal,Low,Cut (Lowered),High Volatility,Aggressive
Normal,High,Cut (Lowered),Low Volatility,Balanced
Normal,High,Hold (Unchanged),Low Volatility,Balanced
Crisis,High,Hike (Raised),High Volatility,Defensive
Normal,Target,Hold (Unchanged),Low Volatility,Balanced
Economic Boom,Target,Hold (Unchanged),High Volatility,Defensive
Normal,High,Hold (Unchanged),Low Volatility,Balanced
Crisis,Low,Hike (Raised),High Volatility,Balanced
Normal,Target,Hold (Unchanged),Low Volatility,Balanced
Normal,Low,Cut (Lowered),Low Volatility,Balanced
Normal,Target,Hike (Raised),High Volatility,Aggressive
Normal,Low,Hold (Unchanged),Low Volatility,Aggressive
Normal,Low,Cut (Lowered),High Volatility,Defensive
Normal,Target,Hold (Unchanged),Low Volatility,Balanced
Normal,Target,Hold (Unchanged),Low Volatility,Aggressive
Normal,Target,Cut (Lowered),Low Volatility,Balanced
Economic Boom,Low,Hike (Raised),High Volatility,Defensive
Economic Boom,Target,Hold (Unchanged),Low Volatility,Aggressive
Economic Boom,Low,Hold (Unchanged),Low Volatility,Balanced
Normal,Target,Cut (Lowered),Low Volatility,Aggressive
Normal,Target,Hold (Unchanged),Low Volatility,Aggressive
Economic Boom,Target,Cut (Lowered),Low Volatility,Aggressive
Normal,Target,Hold (Unchanged),High Volatility,Balanced
Crisis,Target,Cut (Lowered),High Volatility,Aggressive
Crisis,High,Cut (Lowered),High Volatility,Defensive
Normal,Target,Cut (Lowered),Low Volatility,Aggressive
Economic Boom,Target,Hold (Unchanged),High Volatility,Balanced
Normal,Target,Cut (Lowered),Low Volatility,Balanced
Normal,Low,Cut (Lowered),High Volatility,Balanced
Crisis,Target,Cut (Lowered),High Volatility,Balanced
Normal,Target,Hold (Unchanged),Low Volatility,Aggressive
Economic Boom,Target,Hold (Unchanged),Low Volatility,Aggressive
Normal,Low,Cut (Lowered),High Volatility,Balanced
Normal,Low,Cut (Lowered),Low Volatility,Balanced
Economic Boom,High,Hike (Raised),High Volatility,Defensive
Normal,Target,Cut (Lowered),High Volatility,Balanced
Normal,Low,Hold (Unchanged),Low Volatility,Defensive
Normal,Target,Hold (Unchanged),High Volatility,Aggressive
Normal,Target,Cut (Lowered),High Volatility,Balanced
Normal,High,Cut (Lowered),Low Volatility,Balanced
Normal,Low,Hold (Unchanged),Low Volatility,Balanced
Normal,Low,Hold (Unchanged),Low Volatility,Balanced
Normal,High,Hold (Unchanged),Low Volatility,Balanced
Economic Boom,Low,Cut (Lowered),High Volatility,Defensive
Normal,Low,Cut (Lowered),High Volatility,Aggressive
Normal,High,Hike (Raised),High Volatility,Defensive
Normal,Target,Hold (Unchanged),Low Volatility,Aggressive
Normal,Target,Hold (Unchanged),Low Volatility,Defensive
Normal,Low,Hold (Unchanged),High Volatility,Balanced
Economic Boom,Low,Hold (Unchanged),Low Volatility,Defensive
Economic Boom,Low,Cut (Lowered),High Volatility,Balanced
Normal,High,Hold (Unchanged),Low Volatility,Balanced
Economic Boom,Target,Cut (Lowered),High Volatility,Defensive
Crisis,Target,Cut (Lowered),High Volatility,Balanced
Normal,High,Hold (Unchanged),Low Volatility,Aggressive
Normal,Target,Hold (Unchanged),Low Volatility,Aggressive
Economic Boom,Low,Hold (Unchanged),High Volatility,Aggressive
Normal,Target,Hike (Raised),High Volatility,Aggressive
Normal,High,Cut (Lowered),Low Volatility,Aggressive
Normal,High,Hold (Unchanged),Low Volatility,Aggressive
Normal,Low,Hold (Unchanged),Low Volatility,Balanced
Crisis,Target,Hold (Unchanged),High Volatility,Aggressive
Economic Boom,Target,Hold (Unchanged),Low Volatility,Aggressive
Economic Boom,High,Hike (Raised),High Volatility,Balanced
Normal,Low,Cut (Lowered),Low Volatility,Defensive
Economic Boom,Target,Hold (Unchanged),Low Volatility,Aggressive
Normal,High,Hike (Raised),High Volatility,Defensive
Economic Boom,Target,Hold (Unchanged),Low Volatility,Aggressive
Normal,Target,Hike (Raised),High Volatility,Defensive
Normal,Low,Cut (Lowered),Low Volatility,Defensive
Normal,Target,Hike (Raised),High Volatility,Aggressive
Economic Boom,Target,Hold (Unchanged),Low Volatility,Aggressive
Normal,High,Hold (Unchanged),High Volatility,Defensive
Normal,Target,Hold (Unchanged),High Volatility,Aggressive
Crisis,Target,Cut (Lowered),High Volatility,Defensive
Normal,Target,Hold (Unchanged),Low Volatility,Aggressive
Normal,Low,Cut (Lowered),Low Volatility,Balanced
Normal,Target,Cut (Lowered),High Volatility,Balanced
Economic Boom,Target,Hold (Unchanged),High Volatility,Balanced
Crisis,High,Hold (Unchanged),High Volatility,Defensive
Normal,Target,Hold (Unchanged),Low Volatility,Balanced
Normal,Target,Cut (Lowered),High Volatility,Balanced
Economic Boom,Low,Hold (Unchanged),Low Volatility,Aggressive
Economic Boom,High,Hike (Raised),High Volatility,Defensive
Normal,Low,Hike (Raised),High Volatility,Defensive
Normal,High,Hold (Unchanged),Low Volatility,Defensive
Normal,Target,Cut (Lowered),Low Volatility,Aggressive
Normal,High,Hold (Unchanged),High Volatility,Aggressive
Economic Boom,Target,Hold (Unchanged),Low Volatility,Balanced
Normal,High,Cut (Lowered),Low Volatility,Defensive
Normal,Low,Cut (Lowered),Low Volatility,Balanced
Normal,Target,Cut (Lowered),Low Volatility,Aggressive
Economic Boom,Target,Hold (Unchanged),Low Volatility,Aggressive
Normal,High,Hold (Unchanged),Low Volatility,Balanced
Normal,Low,Cut (Lowered),Low Volatility,Balanced
Normal,High,Cut (Lowered),High Volatility,Aggressive
Economic Boom,High,Hike (Raised),High Volatility,Defensive
Crisis,Target,Cut (Lowered),High Volatility,Aggressive
Normal,High,Hold (Unchanged),Low Volatility,Balanced
Crisis,Target,Cut (Lowered),High Volatility,Balanced
Normal,Target,Cut (Lowered),Low Volatility,Aggressive
Normal,Target,Hold (Unchanged),Low Volatility,Aggressive
Normal,Target,Cut (Lowered),Low Volatility,Aggressive
Normal,Target,Hold (Unchanged),Low Volatility,Balanced
Normal,Target,Hold (Unchanged),Low Volatility,Balanced
Normal,Target,Hold (Unchanged),Low Volatility,Aggressive
Economic Boom,Target,Hold (Unchanged),High Volatility,Balanced
Normal,Target,Hold (Unchanged),High Volatility,Defensive
Economic Boom,Low,Cut (Lowered),High Volatility,Aggressive
Normal,High,Hike (Raised),High Volatility,Defensive
Crisis,Target,Hold (Unchanged),High Volatility,Balanced
Normal,Target,Hold (Unchanged),High Volatility,Defensive
Normal,Low,Cut (Lowered),Low Volatility,Balanced
Normal,Target,Hold (Unchanged),Low Volatility,Balanced
Crisis,High,Hold (Unchanged),High Volatility,Defensive
Normal,Target,Cut (Lowered),Low Volatility,Balanced
Economic Boom,Target,Hike (Raised),Low Volatility,Defensive
Normal,Low,Cut (Lowered),Low Volatility,Balanced
Economic Boom,Target,Hold (Unchanged),Low Volatility,Aggressive
Normal,High,Cut (Lowered),Low Volatility,Balanced
Normal,High,Hold (Unchanged),Low Volatility,Defensive
Normal,Low,Cut (Lowered),High Volatility,Aggressive
Normal,Target,Cut (Lowered),High Volatility,Defensive
Normal,Low,Cut (Lowered),High Volatility,Aggressive
Normal,Target,Hike (Raised),High Volatility,Balanced
Crisis,High,Cut (Lowered),High Volatility,Defensive
Normal,High,Hold (Unchanged),Low Volatility,Balanced
Normal,Low,Cut (Lowered),Low Volatility,Aggressive
Economic Boom,High,Hike (Raised),High Volatility,Defensive
Economic Boom,Target,Hold (Unchanged),Low Volatility,Aggressive
Normal,Target,Hold (Unchanged),High Volatility,Balanced
Normal,Target,Hold (Unchanged),Low Volatility,Aggressive
Normal,Target,Hold (Unchanged),Low Volatility,Aggressive
Normal,Target,Hold (Unchanged),Low Volatility,Balanced
Economic Boom,Target,Hold (Unchanged),Low Volatility,Balanced
Normal,Target,Hike (Raised),High Volatility,Defensive
Normal,Low,Cut (Lowered),Low Volatility,Defensive
Crisis,High,Cut (Lowered),Low Volatility,Defensive
Normal,Target,Hold (Unchanged),Low Volatility,Aggressive
Normal,Low,Hold (Unchanged),Low Volatility,Defensive
Economic Boom,High,Hold (Unchanged),Low Volatility,Balanced
Normal,High,Hold (Unchanged),Low Volatility,Balanced
Normal,High,Hold (Unchanged),High Volatility,Defensive
Economic Boom,Target,Hold (Unchanged),Low Volatility,Defensive
Crisis,Low,Hold (Unchanged),High Volatility,Defensive
Normal,Target,Cut (Lowered),Low Volatility,Balanced
Crisis,Low,Hold (Unchanged),High Volatility,Aggressive
Normal,High,Cut (Lowered),Low Volatility,Balanced
Economic Boom,Low,Cut (Lowered),Low Volatility,Defensive
Normal,Target,Hike (Raised),High Volatility,Balanced
Economic Boom,Target,Hold (Unchanged),Low Volatility,Balanced
Normal,Target,Hold (Unchanged),Low Volatility,Aggressive
Economic Boom,High,Hike (Raised),High Volatility,Defensive
Normal,Target,Hold (Unchanged),High Volatility,Balanced
Economic Boom,Low,Cut (Lowered),Low Volatility,Balanced
Crisis,Target,Hike (Raised),High Volatility,Defensive
Economic Boom,Target,Hike (Raised),Low Volatility,Aggressive
Normal,Low,Cut (Lowered),Low Volatility,Aggressive
Normal,Target,Hold (Unchanged),Low Volatility,Aggressive
Economic Boom,Target,Hold (Unchanged),Low Volatility,Defensive
Normal,Target,Hold (Unchanged),High Volatility,Balanced
Economic Boom,High,Hold (Unchanged),Low Volatility,Balanced
Crisis,High,Cut (Lowered),High Volatility,Balanced
Normal,High,Cut (Lowered),Low Volatility,Defensive
Normal,Low,Cut (Lowered),Low Volatility,Balanced
Crisis,Low,Cut (Lowered),High Volatility,Defensive
Normal,Target,Hold (Unchanged),Low Volatility,Aggressive
Crisis,High,Hold (Unchanged),High Volatility,Defensive
Normal,High,Hold (Unchanged),Low Volatility,Balanced
Normal,High,Hold (Unchanged),Low Volatility,Aggressive
Normal,Low,Cut (Lowered),High Volatility,Balanced
Normal,High,Hold (Unchanged),Low Volatility,Balanced
Normal,Target,Hold (Unchanged),Low Volatility,Balanced
Normal,Low,Cut (Lowered),Low Volatility,Balanced
Crisis,Target,Hike (Raised),High Volatility,Balanced
Economic Boom,Low,Cut (Lowered),Low Volatility,Defensive
Economic Boom,Target,Hold (Unchanged),High Volatility,Aggressive
Normal,Target,Hold (Unchanged),High Volatility,Defensive
Normal,Target,Hike (Raised),High Volatility,Balanced
Economic Boom,Target,Hold (Unchanged),Low Volatility,Aggressive
Normal,High,Hike (Raised),High Volatility,Balanced
Crisis,Target,Cut (Lowered),High Volatility,Balanced
Normal,Target,Hike (Raised),High Volatility,Defensive
Normal,High,Cut (Lowered),Low Volatility,Aggressive
Crisis,High,Cut (Lowered),High Volatility,Defensive
Normal,Low,Hold (Unchanged),Low Volatility,Aggressive
Economic Boom,Target,Hike (Raised),High Volatility,Balanced
Economic Boom,Target,Cut (Lowered),Low Volatility,Aggressive
Normal,Low,Cut (Lowered),Low Volatility,Defensive
Crisis,Target,Cut (Lowered),Low Volatility,Aggressive
Economic Boom,High,Hold (Unchanged),High Volatility,Balanced
Normal,Low,Cut (Lowered),High Volatility,Aggressive
Crisis,High,Hike (Raised),High Volatility,Defensive
Crisis,High,Cut (Lowered),Low Volatility,Aggressive
Economic Boom,High,Hike (Raised),High Volatility,Defensive
Normal,Target,Hold (Unchanged),Low Volatility,Aggressive
Economic Boom,High,Hike (Raised),High Volatility,Defensive
Economic Boom,Target,Hold (Unchanged),Low Volatility,Balanced
Normal,Target,Hold (Unchanged),High Volatility,Defensive
Normal,Low,Cut (Lowered),Low Volatility,Balanced
Normal,Low,Cut (Lowered),High Volatility,Balanced
Normal,Target,Hold (Unchanged),High Volatility,Defensive
Normal,Target,Hike (Raised),High Volatility,Balanced
Normal,Target,Hike (Raised),High Volatility,Aggressive
Normal,Low,Cut (Lowered),Low Volatility,Balanced
Economic Boom,Target,Hold (Unchanged),High Volatility,Defensive
Normal,Low,Cut (Lowered),Low Volatility,Defensive
Normal,High,Hold (Unchanged),High Volatility,Defensive
Normal,Low,Cut (Lowered),Low Volatility,Balanced
Normal,Low,Cut (Lowered),Low Volatility,Balanced
Normal,Target,Hold (Unchanged),Low Volatility,Aggressive
Normal,Target,Hold (Unchanged),Low Volatility,Aggressive
Normal,Target,Cut (Lowered),Low Volatility,Balanced
Crisis,Target,Hike (Raised),High Volatility,Aggressive
Normal,High,Cut (Lowered),High Volatility,Defensive
Normal,Target,Hike (Raised),High Volatility,Balanced
Normal,Low,Hold (Unchanged),Low Volatility,Aggressive
Economic Boom,Target,Hold (Unchanged),Low Volatility,Aggressive
Normal,High,Hold (Unchanged),Low Volatility,Balanced
Normal,Target,Hold (Unchanged),Low Volatility,Balanced
Normal,Low,Cut (Lowered),Low Volatility,Aggressive
Normal,High,Hold (Unchanged),Low Volatility,Balanced
Crisis,Target,Cut (Lowered),High Volatility,Balanced
Normal,Target,Hold (Unchanged),Low Volatility,Aggressive
Normal,Low,Hike (Raised),High Volatility,Balanced
Normal,Low,Cut (Lowered),Low Volatility,Aggressive
Crisis,Target,Cut (Lowered),High Volatility,Balanced
Crisis,Low,Cut (Lowered),High Volatility,Aggressive
Normal,Target,Hold (Unchanged),Low Volatility,Aggressive
Economic Boom,Target,Hold (Unchanged),Low Volatility,Aggressive
Normal,Target,Hold (Unchanged),Low Volatility,Aggressive
Normal,High,Cut (Lowered),Low Volatility,Aggressive
Normal,High,Cut (Lowered),Low Volatility,Balanced
Normal,Target,Hold (Unchanged),Low Volatility,Balanced
Normal,Low,Cut (Lowered),High Volatility,Aggressive
Normal,Low,Hike (Raised),High Volatility,Balanced
Normal,Target,Hold (Unchanged),High Volatility,Defensive
Crisis,Low,Cut (Lowered),High Volatility,Defensive
Crisis,High,Hold (Unchanged),High Volatility,Defensive
Normal,Low,Cut (Lowered),High Volatility,Balanced
Crisis,Target,Cut (Lowered),High Volatility,Balanced
Crisis,Target,Cut (Lowered),High Volatility,Defensive
Normal,Target,Hold (Unchanged),High Volatility,Aggressive
Economic Boom,Low,Hike (Raised),High Volatility,Defensive
Normal,Target,Hold (Unchanged),Low Volatility,Aggressive
Normal,Target,Hold (Unchanged),Low Volatility,Aggressive
Normal,High,Hold (Unchanged),Low Volatility,Balanced
Economic Boom,Low,Hike (Raised),High Volatility,Balanced
Normal,High,Hold (Unchanged),Low Volatility,Balanced
Crisis,High,Cut (Lowered),Low Volatility,Aggressive
Normal,Target,Hike (Raised),High Volatility,Defensive
Crisis,High,Cut (Lowered),Low Volatility,Aggressive
Normal,Low,Hold (Unchanged),Low Volatility,Balanced
Normal,High,Hold (Unchanged),Low Volatility,Balanced
Economic Boom,Target,Hold (Unchanged),Low Volatility,Aggressive
Normal,Target,Hold (Unchanged),High Volatility,Defensive
Normal,Target,Hold (Unchanged),Low Volatility,Aggressive
Economic Boom,Low,Cut (Lowered),Low Volatility,Aggressive
Crisis,High,Cut (Lowered),High Volatility,Defensive
Normal,Low,Cut (Lowered),Low Volatility,Balanced
Normal,Target,Cut (Lowered),Low Volatility,Aggressive
Normal,Target,Cut (Lowered),High Volatility,Balanced
Normal,High,Hike (Raised),High Volatility,Defensive
Economic Boom,Low,Cut (Lowered),Low Volatility,Balanced
Normal,Target,Hike (Raised),Low Volatility,Aggressive
Normal,Target,Cut (Lowered),Low Volatility,Balanced
Normal,Target,Hold (Unchanged),Low Volatility,Aggressive
Economic Boom,Low,Cut (Lowered),Low Volatility,Balanced
Economic Boom,Low,Hold (Unchanged),High Volatility,Balanced
Economic Boom,Low,Hold (Unchanged),Low Volatility,Balanced
Crisis,Target,Cut (Lowered),High Volatility,Balanced
Normal,Low,Hike (Raised),High Volatility,Defensive
Crisis,Target,Cut (Lowered),High Volatility,Aggressive
Normal,Low,Cut (Lowered),Low Volatility,Aggressive
Crisis,High,Hike (Raised),High Volatility,Defensive
Normal,High,Hike (Raised),Low Volatility,Balanced
Normal,Target,Hike (Raised),High Volatility,Balanced
Crisis,Target,Cut (Lowered),High Volatility,Aggressive
Normal,Low,Cut (Lowered),High Volatility,Aggressive
Normal,Low,Cut (Lowered),Low Volatility,Aggressive
Normal,Target,Hold (Unchanged),Low Volatility,Balanced
Crisis,Target,Hold (Unchanged),Low Volatility,Aggressive
Normal,Target,Cut (Lowered),Low Volatility,Aggressive
Normal,High,Hold (Unchanged),Low Volatility,Balanced
Crisis,Target,Cut (Lowered),High Volatility,Balanced
Crisis,Target,Cut (Lowered),High Volatility,Balanced
Normal,Target,Hold (Unchanged),Low Volatility,Aggressive
Economic Boom,Target,Hold (Unchanged),Low Volatility,Balanced
Normal,Target,Hike (Raised),High Volatility,Defensive
Normal,Target,Cut (Lowered),Low Volatility,Balanced
Normal,Target,Hold (Unchanged),Low Volatility,Aggressive
Normal,Target,Cut (Lowered),Low Volatility,Balanced
Crisis,High,Cut (Lowered),Low Volatility,Balanced
Normal,Target,Hold (Unchanged),High Volatility,Defensive
Economic Boom,Low,Hold (Unchanged),Low Volatility,Aggressive
Normal,Target,Hold (Unchanged),Low Volatility,Aggressive
Economic Boom,Target,Hold (Unchanged),Low Volatility,Aggressive
Normal,Low,Cut (Lowered),Low Volatility,Balanced
Crisis,High,Cut (Lowered),High Volatility,Defensive
Economic Boom,High,Hike (Raised),High Volatility,Defensive
Crisis,High,Hold (Unchanged),High Volatility,Defensive
Normal,Low,Cut (Lowered),High Volatility,Aggressive
Crisis,High,Cut (Lowered),High Volatility,Defensive
Crisis,Target,Hold (Unchanged),High Volatility,Balanced
Normal,Target,Hold (Unchanged),Low Volatility,Aggressive
Normal,Target,Hold (Unchanged),High Volatility,Aggressive
Normal,High,Cut (Lowered),Low Volatility,Balanced
Normal,Target,Hold (Unchanged),High Volatility,Balanced
Crisis,Target,Cut (Lowered),High Volatility,Balanced
Crisis,Target,Hold (Unchanged),High Volatility,Balanced
Normal,Target,Hold (Unchanged),High Volatility,Defensive
Normal,Low,Cut (Lowered),Low Volatility,Aggressive
Normal,High,Hike (Raised),High Volatility,Defensive
Normal,Target,Cut (Lowered),Low Volatility,Defensive
Economic Boom,Target,Hold (Unchanged),Low Volatility,Aggressive
Normal,Low,Cut (Lowered),Low Volatility,Balanced
Normal,Target,Hold (Unchanged),Low Volatility,Aggressive
Normal,Low,Hike (Raised),High Volatility,Aggressive
Normal,Low,Hold (Unchanged),High Volatility,Aggressive
Normal,Target,Cut (Lowered),Low Volatility,Defensive
Normal,Target,Hold (Unchanged),Low Volatility,Balanced
Normal,Target,Hold (Unchanged),High Volatility,Aggressive
Normal,Low,Hike (Raised),High Volatility,Aggressive
Economic Boom,Target,Hold (Unchanged),Low Volatility,Aggressive
Economic Boom,Low,Cut (Lowered),High Volatility,Balanced
Economic Boom,High,Hike (Raised),High Volatility,Defensive
Normal,Target,Hold (Unchanged),Low Volatility,Aggressive
Normal,Target,Hold (Unchanged),Low Volatility,Balanced
Normal,Target,Hold (Unchanged),High Volatility,Defensive
Normal,Low,Hold (Unchanged),Low Volatility,Balanced
Normal,High,Hold (Unchanged),Low Volatility,Defensive
Normal,Target,Hike (Raised),High Volatility,Aggressive
Normal,Target,Hold (Unchanged),Low Volatility,Defensive
Normal,Target,Hold (Unchanged),High Volatility,Defensive
Normal,Low,Hike (Raised),High Volatility,Balanced
Normal,High,Hold (Unchanged),High Volatility,Defensive
Crisis,Target,Hold (Unchanged),High Volatility,Defensive
Economic Boom,Target,Hike (Raised),High Volatility,Balanced
Normal,Low,Cut (Lowered),High Volatility,Balanced
Normal,Low,Cut (Lowered),Low Volatility,Aggressive
Crisis,High,Cut (Lowered),High Volatility,Defensive
Normal,Target,Hold (Unchanged),Low Volatility,Aggressive
Normal,Low,Cut (Lowered),High Volatility,Balanced
Normal,Low,Hold (Unchanged),Low Volatility,Defensive
Crisis,Target,Cut (Lowered),High Volatility,Defensive
Normal,Target,Hold (Unchanged),Low Volatility,Aggressive
Normal,Target,Hold (Unchanged),High Volatility,Defensive
Normal,Target,Hike (Raised),High Volatility,Balanced
Normal,Low,Cut (Lowered),Low Volatility,Defensive
Normal,Target,Cut (Lowered),Low Volatility,Aggressive
Normal,High,Hold (Unchanged),Low Volatility,Balanced
Economic Boom,Low,Hike (Raised),Low Volatility,Defensive
Normal,Target,Hike (Raised),High Volatility,Balanced
Normal,Target,Hold (Unchanged),Low Volatility,Aggressive
Crisis,Target,Hold (Unchanged),High Volatility,Defensive
Normal,Target,Hold (Unchanged),Low Volatility,Aggressive
Crisis,High,Hike (Raised),High Volatility,Defensive
Normal,Target,Cut (Lowered),Low Volatility,Aggressive
Economic Boom,Target,Cut (Lowered),High Volatility,Defensive
Normal,Target,Cut (Lowered),Low Volatility,Aggressive
Crisis,Low,Cut (Lowered),High Volatility,Balanced
Crisis,Low,Hold (Unchanged),High Volatility,Balanced
Normal,Target,Hold (Unchanged),Low Volatility,Aggressive
Normal,Low,Hike (Raised),High Volatility,Defensive
Crisis,Target,Cut (Lowered),Low Volatility,Aggressive
Normal,Target,Cut (Lowered),Low Volatility,Aggressive
Normal,Target,Hold (Unchanged),High Volatility,Defensive
Normal,Target,Hold (Unchanged),Low Volatility,Defensive
Economic Boom,Target,Hike (Raised),Low Volatility,Defensive
Crisis,Low,Cut (Lowered),Low Volatility,Balanced
Economic Boom,Target,Hold (Unchanged),Low Volatility,Aggressive
Normal,Target,Hold (Unchanged),High Volatility,Balanced
Economic Boom,Target,Hold (Unchanged),Low Volatility,Balanced
Normal,Target,Hike (Raised),High Volatility,Balanced
Economic Boom,Target,Cut (Lowered),High Volatility,Balanced
Economic Boom,Low,Hold (Unchanged),Low Volatility,Defensive
Normal,Low,Cut (Lowered),Low Volatility,Defensive
Economic Boom,Low,Cut (Lowered),Low Volatility,Defensive
Normal,High,Hike (Raised),High Volatility,Balanced
Normal,Low,Cut (Lowered),Low Volatility,Balanced
Normal,Low,Cut (Lowered),Low Volatility,Aggressive
Normal,Target,Cut (Lowered),Low Volatility,Balanced
Normal,Low,Cut (Lowered),High Volatility,Aggressive
Normal,Target,Hike (Raised),High Volatility,Balanced
Normal,Low,Cut (Lowered),Low Volatility,Balanced
Normal,Low,Hike (Raised),High Volatility,Defensive
Economic Boom,Target,Hold (Unchanged),Low Volatility,Aggressive
Normal,Target,Cut (Lowered),Low Volatility,Aggressive
Normal,Target,Cut (Lowered),Low Volatility,Balanced
Normal,Target,Hold (Unchanged),Low Volatility,Balanced
Normal,Target,Hike (Raised),High Volatility,Balanced
Crisis,Target,Cut (Lowered),High Volatility,Aggressive
Normal,Low,Cut (Lowered),Low Volatility,Balanced
Normal,Target,Hike (Raised),High Volatility,Defensive
Economic Boom,Target,Hold (Unchanged),Low Volatility,Aggressive
Normal,Target,Cut (Lowered),Low Volatility,Balanced
Normal,Target,Hike (Raised),Low Volatility,Aggressive
Normal,High,Hold (Unchanged),Low Volatility,Balanced
Crisis,High,Cut (Lowered),High Volatility,Defensive
Normal,Target,Hold (Unchanged),High Volatility,Defensive
Normal,Target,Hold (Unchanged),Low Volatility,Aggressive
Normal,Low,Cut (Lowered),Low Volatility,Balanced
Normal,Target,Hold (Unchanged),Low Volatility,Aggressive
Economic Boom,Target,Cut (Lowered),Low Volatility,Aggressive
Economic Boom,Target,Hold (Unchanged),Low Volatility,Aggressive
Normal,High,Hike (Raised),High Volatility,Balanced
Normal,Target,Hold (Unchanged),Low Volatility,Balanced
Normal,Target,Hold (Unchanged),Low Volatility,Aggressive
Normal,Target,Hold (Unchanged),Low Volatility,Defensive
Normal,High,Hold (Unchanged),Low Volatility,Balanced
Crisis,Target,Cut (Lowered),Low Volatility,Aggressive
Normal,Target,Hold (Unchanged),High Volatility,Balanced
Normal,Target,Hold (Unchanged),Low Volatility,Aggressive
Normal,High,Hold (Unchanged),High Volatility,Defensive
Economic Boom,Low,Cut (Lowered),Low Volatility,Balanced
Economic Boom,High,Hike (Raised),High Volatility,Balanced
Normal,Target,Hold (Unchanged),Low Volatility,Aggressive
Normal,Target,Hold (Unchanged),Low Volatility,Aggressive
Economic Boom,Target,Hold (Unchanged),Low Volatility,Balanced
Crisis,Target,Cut (Lowered),High Volatility,Defensive
Normal,Low,Cut (Lowered),High Volatility,Balanced
Crisis,High,Cut (Lowered),High Volatility,Defensive
Normal,Target,Cut (Lowered),Low Volatility,Balanced
Normal,Target,Hike (Raised),High Volatility,Balanced
Economic Boom,Low,Hold (Unchanged),High Volatility,Balanced
Economic Boom,Target,Hold (Unchanged),Low Volatility,Aggressive
Crisis,Target,Cut (Lowered),Low Volatility,Defensive
Normal,Target,Hold (Unchanged),High Volatility,Balanced
Economic Boom,Target,Hold (Unchanged),Low Volatility,Aggressive
Normal,Target,Hold (Unchanged),Low Volatility,Aggressive
Economic Boom,High,Hold (Unchanged),Low Volatility,Balanced
Normal,Target,Hold (Unchanged),High Volatility,Balanced
Normal,High,Hold (Unchanged),High Volatility,Balanced
Normal,Low,Hold (Unchanged),High Volatility,Balanced
Normal,Target,Hold (Unchanged),Low Volatility,Balanced
Normal,Target,Hold (Unchanged),High Volatility,Aggressive
Normal,Target,Cut (Lowered),Low Volatility,Aggressive
Normal,High,Cut (Lowered),Low Volatility,Balanced
Normal,Low,Hike (Raised),High Volatility,Balanced
Normal,Low,Cut (Lowered),Low Volatility,Aggressive
Economic Boom,High,Hike (Raised),High Volatility,Aggressive
Economic Boom,Low,Hold (Unchanged),Low Volatility,Aggressive
Normal,Target,Hike (Raised),High Volatility,Balanced
Economic Boom,Target,Hike (Raised),High Volatility,Balanced
Normal,High,Cut (Lowered),Low Volatility,Defensive
Normal,Low,Cut (Lowered),High Volatility,Defensive
Economic Boom,Low,Cut (Lowered),Low Volatility,Aggressive
Normal,Target,Hold (Unchanged),Low Volatility,Balanced
Crisis,High,Hike (Raised),High Volatility,Defensive
Economic Boom,Target,Hold (Unchanged),Low Volatility,Aggressive
Normal,Target,Hike (Raised),High Volatility,Balanced
Economic Boom,Target,Hold (Unchanged),Low Volatility,Balanced
Economic Boom,High,Hike (Raised),High Volatility,Defensive
Crisis,High,Cut (Lowered),Low Volatility,Balanced
Economic Boom,High,Hike (Raised),High Volatility,Defensive
Normal,Low,Cut (Lowered),Low Volatility,Aggressive
Normal,Low,Cut (Lowered),Low Volatility,Aggressive
Normal,Target,Hold (Unchanged),Low Volatility,Aggressive
Economic Boom,High,Hike (Raised),High Volatility,Balanced
Crisis,Target,Cut (Lowered),High Volatility,Balanced
Normal,Low,Hike (Raised),High Volatility,Balanced
Normal,High,Hold (Unchanged),High Volatility,Defensive
Normal,Low,Cut (Lowered),Low Volatility,Balanced
Normal,Target,Cut (Lowered),Low Volatility,Aggressive
Crisis,Target,Hold (Unchanged),High Volatility,Defensive
Normal,Target,Hold (Unchanged),Low Volatility,Balanced
Normal,Target,Hold (Unchanged),High Volatility,Balanced
Economic Boom,Target,Cut (Lowered),Low Volatility,Aggressive
Normal,Target,Hold (Unchanged),Low Volatility,Defensive
Normal,Target,Cut (Lowered),Low Volatility,Aggressive
Economic Boom,Target,Cut (Lowered),High Volatility,Balanced
Crisis,Target,Cut (Lowered),High Volatility,Balanced
Economic Boom,Target,Cut (Lowered),Low Volatility,Aggressive
Normal,Low,Cut (Lowered),Low Volatility,Defensive
Economic Boom,Low,Cut (Lowered),Low Volatility,Balanced
Normal,Low,Cut (Lowered),Low Volatility,Aggressive
Crisis,Target,Cut (Lowered),High Volatility,Balanced
Normal,High,Cut (Lowered),High Volatility,Defensive
Economic Boom,Target,Hold (Unchanged),High Volatility,Balanced
Normal,High,Hold (Unchanged),Low Volatility,Balanced
Crisis,Target,Hold (Unchanged),High Volatility,Balanced
Normal,Target,Hold (Unchanged),High Volatility,Aggressive
Normal,Target,Cut (Lowered),Low Volatility,Defensive
Normal,Low,Cut (Lowered),Low Volatility,Aggressive
Normal,Low,Cut (Lowered),High Volatility,Defensive
Economic Boom,Target,Hike (Raised),High Volatility,Balanced
Normal,High,Hold (Unchanged),High Volatility,Balanced
Crisis,Low,Cut (Lowered),High Volatility,Aggressive
Normal,Low,Cut (Lowered),Low Volatility,Aggressive
Crisis,High,Cut (Lowered),High Volatility,Balanced
Normal,Target,Hold (Unchanged),Low Volatility,Aggressive
Normal,High,Hold (Unchanged),High Volatility,Defensive
Crisis,Target,Hold (Unchanged),High Volatility,Balanced
Normal,High,Hold (Unchanged),Low Volatility,Balanced
Crisis,Target,Cut (Lowered),Low Volatility,Aggressive
Economic Boom,Target,Hold (Unchanged),Low Volatility,Aggressive
Economic Boom,Target,Hold (Unchanged),Low Volatility,Aggressive
Crisis,Target,Cut (Lowered),High Volatility,Aggressive
Economic Boom,Target,Hold (Unchanged),Low Volatility,Aggressive
Normal,Low,Cut (Lowered),Low Volatility,Defensive
Normal,Target,Hold (Unchanged),Low Volatility,Aggressive
Crisis,Target,Hold (Unchanged),High Volatility,Balanced
Normal,High,Hold (Unchanged),High Volatility,Defensive
Normal,Target,Hold (Unchanged),Low Volatility,Aggressive
Normal,Target,Hold (Unchanged),Low Volatility,Aggressive
Crisis,Low,Cut (Lowered),High Volatility,Aggressive
Crisis,Target,Hike (Raised),Low Volatility,Aggressive
Normal,Target,Hold (Unchanged),Low Volatility,Aggressive
Normal,High,Hold (Unchanged),Low Volatility,Balanced
Normal,High,Hold (Unchanged),Low Volatility,Defensive
Normal,Low,Cut (Lowered),High Volatility,Defensive
Economic Boom,High,Hike (Raised),High Volatility,Defensive
Economic Boom,Low,Cut (Lowered),High Volatility,Balanced
Normal,Target,Hike (Raised),High Volatility,Defensive
Economic Boom,Target,Hike (Raised),High Volatility,Aggressive
Normal,Low,Cut (Lowered),Low Volatility,Balanced
Normal,Target,Cut (Lowered),Low Volatility,Aggressive
Normal,Low,Cut (Lowered),Low Volatility,Defensive
Normal,Low,Cut (Lowered),High Volatility,Balanced
Economic Boom,Target,Cut (Lowered),Low Volatility,Balanced
Normal,Target,Hold (Unchanged),Low Volatility,Aggressive
Normal,High,Hold (Unchanged),Low Volatility,Balanced
Normal,Target,Cut (Lowered),Low Volatility,Aggressive
Crisis,Target,Hold (Unchanged),High Volatility,Balanced
Economic Boom,Target,Hike (Raised),High Volatility,Balanced
Normal,Low,Hold (Unchanged),Low Volatility,Defensive
Normal,Low,Hold (Unchanged),Low Volatility,Balanced
Normal,Target,Hold (Unchanged),Low Volatility,Aggressive
Normal,Target,Hold (Unchanged),Low Volatility,Aggressive
Crisis,Target,Cut (Lowered),High Volatility,Balanced
Normal,Target,Hold (Unchanged),Low Volatility,Aggressive
Normal,Target,Hike (Raised),High Volatility,Defensive
Normal,Low,Hold (Unchanged),Low Volatility,Aggressive
Economic Boom,Low,Hold (Unchanged),Low Volatility,Balanced
Economic Boom,High,Hike (Raised),High Volatility,Aggressive
Normal,Target,Hold (Unchanged),Low Volatility,Aggressive
Normal,High,Hold (Unchanged),Low Volatility,Defensive
Crisis,Low,Cut (Lowered),High Volatility,Balanced
Normal,High,Cut (Lowered),Low Volatility,Defensive
Normal,Low,Cut (Lowered),Low Volatility,Aggressive
Normal,Low,Cut (Lowered),Low Volatility,Aggressive
Normal,High,Hold (Unchanged),High Volatility,Defensive
Crisis,Target,Cut (Lowered),High Volatility,Balanced
Normal,Target,Hold (Unchanged),Low Volatility,Aggressive
Crisis,Low,Cut (Lowered),High Volatility,Aggressive
Normal,Target,Hold (Unchanged),Low Volatility,Balanced
Normal,High,Hold (Unchanged),Low Volatility,Balanced
Crisis,Target,Hold (Unchanged),Low Volatility,Aggressive
Normal,Target,Hold (Unchanged),Low Volatility,Aggressive
Crisis,Low,Cut (Lowered),Low Volatility,Aggressive
Normal,Target,Hike (Raised),High Volatility,Aggressive
Normal,Target,Hike (Raised),High Volatility,Balanced
Crisis,Low,Hold (Unchanged),High Volatility,Defensive
Economic Boom,Target,Hold (Unchanged),Low Volatility,Aggressive
Crisis,Low,Cut (Lowered),High Volatility,Balanced
Normal,High,Hold (Unchanged),High Volatility,Defensive
Normal,Target,Hold (Unchanged),Low Volatility,Defensive
Normal,Low,Hike (Raised),High Volatility,Balanced
Crisis,Target,Cut (Lowered),High Volatility,Defensive
Normal,Target,Cut (Lowered),Low Volatility,Aggressive
Normal,Target,Cut (Lowered),Low Volatility,Balanced
Economic Boom,High,Hold (Unchanged),High Volatility,Defensive
Normal,Target,Hold (Unchanged),Low Volatility,Balanced
Normal,High,Hold (Unchanged),Low Volatility,Balanced
Economic Boom,Target,Hike (Raised),High Volatility,Aggressive
Normal,Low,Hike (Raised),High Volatility,Defensive
Economic Boom,Target,Hold (Unchanged),High Volatility,Defensive
Normal,Target,Hold (Unchanged),Low Volatility,Defensive
Economic Boom,Target,Hold (Unchanged),Low Volatility,Aggressive
Crisis,High,Cut (Lowered),High Volatility,Defensive
Normal,Target,Hike (Raised),High Volatility,Balanced
Normal,High,Hold (Unchanged),Low Volatility,Balanced
Normal,High,Hold (Unchanged),High Volatility,Defensive
Normal,Target,Hold (Unchanged),Low Volatility,Aggressive
Normal,Target,Cut (Lowered),Low Volatility,Aggressive
Crisis,Target,Cut (Lowered),High Volatility,Aggressive
Normal,High,Hold (Unchanged),Low Volatility,Aggressive
Normal,Target,Hold (Unchanged),Low Volatility,Balanced
Normal,Low,Cut (Lowered),Low Volatility,Balanced
Economic Boom,Target,Hold (Unchanged),Low Volatility,Aggressive
Normal,Target,Hike (Raised),Low Volatility,Balanced
Economic Boom,Low,Cut (Lowered),Low Volatility,Balanced
Normal,Low,Hold (Unchanged),High Volatility,Defensive
Normal,Target,Hold (Unchanged),Low Volatility,Aggressive
Crisis,Target,Cut (Lowered),High Volatility,Balanced
Normal,Target,Hold (Unchanged),Low Volatility,Balanced
Normal,Target,Hike (Raised),Low Volatility,Defensive
Crisis,Low,Cut (Lowered),High Volatility,Balanced
Normal,Target,Hold (Unchanged),High Volatility,Defensive
Economic Boom,Target,Cut (Lowered),Low Volatility,Aggressive
Normal,Low,Cut (Lowered),Low Volatility,Defensive
Normal,Target,Hold (Unchanged),Low Volatility,Aggressive
Normal,Target,Hike (Raised),High Volatility,Balanced
Normal,Low,Cut (Lowered),Low Volatility,Defensive
Normal,Low,Cut (Lowered),Low Volatility,Balanced
Normal,Low,Cut (Lowered),Low Volatility,Balanced
Crisis,High,Cut (Lowered),High Volatility,Balanced
Normal,High,Hold (Unchanged),Low Volatility,Balanced
Normal,High,Hold (Unchanged),Low Volatility,Defensive
Economic Boom,Target,Hold (Unchanged),Low Volatility,Balanced
Economic Boom,Target,Cut (Lowered),High Volatility,Balanced
Normal,Target,Hold (Unchanged),Low Volatility,Balanced
Normal,Target,Hold (Unchanged),High Volatility,Balanced
Normal,Low,Cut (Lowered),Low Volatility,Aggressive
Economic Boom,Target,Hold (Unchanged),Low Volatility,Aggressive
Normal,High,Hold (Unchanged),High Volatility,Defensive
Normal,Target,Hold (Unchanged),High Volatility,Balanced
Normal,Target,Hold (Unchanged),Low Volatility,Aggressive
Normal,Target,Hold (Unchanged),Low Volatility,Balanced
Crisis,Target,Hold (Unchanged),High Volatility,Balanced
Normal,Target,Hold (Unchanged),Low Volatility,Aggressive
Normal,High,Hold (Unchanged),Low Volatility,Defensive
Normal,Target,Cut (Lowered),Low Volatility,Balanced
Normal,High,Cut (Lowered),Low Volatility,Aggressive
Normal,Target,Cut (Lowered),Low Volatility,Aggressive
Normal,High,Hold (Unchanged),Low Volatility,Defensive
Normal,Target,Cut (Lowered),Low Volatility,Aggressive
Economic Boom,Target,Hold (Unchanged),Low Volatility,Aggressive
Normal,Target,Hold (Unchanged),Low Volatility,Aggressive
Normal,Target,Hold (Unchanged),Low Volatility,Balanced
Crisis,High,Hold (Unchanged),Low Volatility,Defensive
Crisis,Low,Hold (Unchanged),High Volatility,Balanced
Normal,Low,Cut (Lowered),Low Volatility,Balanced
Normal,High,Hold (Unchanged),Low Volatility,Aggressive
Economic Boom,Target,Hold (Unchanged),High Volatility,Defensive
Crisis,Target,Cut (Lowered),High Volatility,Aggressive
Normal,Target,Hold (Unchanged),Low Volatility,Balanced
Normal,Low,Cut (Lowered),Low Volatility,Balanced
Crisis,High,Hike (Raised),High Volatility,Balanced
Crisis,Target,Cut (Lowered),Low Volatility,Aggressive
Normal,Target,Cut (Lowered),High Volatility,Defensive
Normal,Target,Hold (Unchanged),Low Volatility,Balanced
Normal,High,Hold (Unchanged),High Volatility,Defensive
Normal,Low,Cut (Lowered),Low Volatility,Balanced
Normal,High,Hold (Unchanged),Low Volatility,Aggressive
Crisis,Target,Cut (Lowered),High Volatility,Balanced
Normal,Target,Hike (Raised),High Volatility,Aggressive
Economic Boom,High,Hike (Raised),Low Volatility,Balanced
Normal,Target,Hold (Unchanged),Low Volatility,Aggressive
Normal,Target,Cut (Lowered),Low Volatility,Defensive
Normal,Target,Hike (Raised),High Volatility,Aggressive
Normal,Target,Hike (Raised),High Volatility,Balanced
Normal,Target,Cut (Lowered),High Volatility,Aggressive
Normal,High,Hold (Unchanged),High Volatility,Defensive
Economic Boom,High,Hike (Raised),Low Volatility,Balanced
Crisis,Target,Hold (Unchanged),High Volatility,Balanced
Crisis,Target,Hold (Unchanged),High Volatility,Aggressive
Normal,Low,Cut (Lowered),Low Volatility,Balanced
Economic Boom,Low,Hold (Unchanged),High Volatility,Balanced
Crisis,Target,Cut (Lowered),High Volatility,Balanced
Normal,High,Hold (Unchanged),Low Volatility,Balanced
Crisis,Target,Cut (Lowered),High Volatility,Defensive
Normal,High,Hold (Unchanged),Low Volatility,Defensive
Normal,Low,Cut (Lowered),Low Volatility,Defensive
Normal,Target,Cut (Lowered),Low Volatility,Aggressive
Normal,Low,Cut (Lowered),High Volatility,Aggressive
Normal,Target,Hold (Unchanged),Low Volatility,Aggressive
Crisis,Low,Cut (Lowered),High Volatility,Defensive
Normal,High,Cut (Lowered),Low Volatility,Defensive
Normal,Low,Cut (Lowered),Low Volatility,Defensive
Economic Boom,High,Hike (Raised),High Volatility,Defensive
Economic Boom,Target,Hold (Unchanged),Low Volatility,Defensive
Crisis,High,Cut (Lowered),High Volatility,Defensive
Economic Boom,Target,Hold (Unchanged),High Volatility,Balanced
Normal,High,Cut (Lowered),Low Volatility,Balanced
Normal,Low,Hike (Raised),Low Volatility,Balanced
Normal,Target,Hike (Raised),High Volatility,Balanced
Normal,High,Hold (Unchanged),Low Volatility,Balanced
Normal,Low,Hike (Raised),High Volatility,Aggressive
Crisis,Low,Hold (Unchanged),Low Volatility,Balanced
Normal,Target,Hike (Raised),Low Volatility,Defensive
Normal,High,Hold (Unchanged),Low Volatility,Defensive
Normal,Target,Hold (Unchanged),Low Volatility,Balanced
Normal,Target,Hold (Unchanged),Low Volatility,Aggressive
Normal,Low,Cut (Lowered),Low Volatility,Defensive
Crisis,Low,Cut (Lowered),Low Volatility,Balanced
Economic Boom,High,Hold (Unchanged),Low Volatility,Defensive
Economic Boom,Low,Cut (Lowered),Low Volatility,Balanced
Normal,Target,Hold (Unchanged),Low Volatility,Defensive
Economic Boom,High,Hike (Raised),High Volatility,Defensive
Normal,Low,Cut (Lowered),Low Volatility,Defensive
Economic Boom,Target,Hike (Raised),High Volatility,Defensive
Crisis,Low,Hold (Unchanged),High Volatility,Aggressive
Normal,Target,Hold (Unchanged),Low Volatility,Aggressive
Normal,Low,Cut (Lowered),Low Volatility,Defensive
Normal,Target,Hold (Unchanged),Low Volatility,Aggressive
Crisis,Target,Cut (Lowered),High Volatility,Balanced
Normal,Target,Hike (Raised),High Volatility,Balanced
Normal,Target,Hold (Unchanged),Low Volatility,Aggressive
Normal,Low,Cut (Lowered),High Volatility,Aggressive
Crisis,Target,Hold (Unchanged),High Volatility,Defensive
Economic Boom,Target,Cut (Lowered),Low Volatility,Balanced
Normal,Target,Hold (Unchanged),Low Volatility,Balanced
Normal,Low,Cut (Lowered),Low Volatility,Balanced
Normal,Target,Cut (Lowered),Low Volatility,Aggressive
Normal,Low,Cut (Lowered),Low Volatility,Aggressive
Normal,Target,Cut (Lowered),Low Volatility,Aggressive
Economic Boom,Low,Cut (Lowered),Low Volatility,Aggressive
Normal,Target,Hike (Raised),High Volatility,Balanced
Normal,Target,Hold (Unchanged),Low Volatility,Aggressive
Economic Boom,High,Hike (Raised),High Volatility,Aggressive
Normal,High,Hold (Unchanged),Low Volatility,Defensive
Crisis,Low,Cut (Lowered),Low Volatility,Balanced
Crisis,Target,Cut (Lowered),High Volatility,Balanced
Crisis,Low,Cut (Lowered),High Volatility,Aggressive
Normal,Target,Hold (Unchanged),Low Volatility,Aggressive
Normal,Target,Hold (Unchanged),Low Volatility,Aggressive
Crisis,Target,Hold (Unchanged),Low Volatility,Aggressive
Economic Boom,Target,Hold (Unchanged),Low Volatility,Aggressive
Normal,Target,Hold (Unchanged),Low Volatility,Defensive
Normal,Target,Hike (Raised),High Volatility,Defensive
Normal,Low,Cut (Lowered),Low Volatility,Balanced
Normal,Target,Hold (Unchanged),High Volatility,Balanced
Crisis,Target,Hold (Unchanged),High Volatility,Balanced
Normal,Target,Hold (Unchanged),High Volatility,Balanced
Economic Boom,Low,Cut (Lowered),Low Volatility,Aggressive
Normal,Target,Hold (Unchanged),Low Volatility,Balanced
Normal,Target,Hold (Unchanged),High Volatility,Aggressive
Normal,Low,Cut (Lowered),Low Volatility,Aggressive
Crisis,Target,Cut (Lowered),High Volatility,Balanced
Normal,High,Hike (Raised),Low Volatility,Balanced
Normal,High,Hold (Unchanged),Low Volatility,Balanced
Normal,Target,Hold (Unchanged),Low Volatility,Aggressive
Crisis,Target,Cut (Lowered),Low Volatility,Balanced
Economic Boom,Low,Hold (Unchanged),Low Volatility,Defensive
Economic Boom,High,Hold (Unchanged),Low Volatility,Defensive
Normal,Low,Cut (Lowered),Low Volatility,Defensive
Economic Boom,High,Hike (Raised),High Volatility,Defensive
Normal,Target,Hold (Unchanged),Low Volatility,Balanced
Economic Boom,Target,Cut (Lowered),Low Volatility,Aggressive
Normal,High,Hike (Raised),High Volatility,Aggressive
Economic Boom,Low,Cut (Lowered),Low Volatility,Balanced
Economic Boom,Target,Hold (Unchanged),Low Volatility,Aggressive
Normal,Target,Hold (Unchanged),High Volatility,Balanced
Economic Boom,Low,Cut (Lowered),Low Volatility,Balanced
Normal,Target,Hold (Unchanged),Low Volatility,Aggressive
Normal,Target,Hike (Raised),High Volatility,Balanced
Normal,Target,Hold (Unchanged),High Volatility,Aggressive
Normal,Low,Hike (Raised),Low Volatility,Aggressive
Crisis,High,Hold (Unchanged),High Volatility,Defensive
Normal,Low,Cut (Lowered),Low Volatility,Defensive
Economic Boom,Low,Cut (Lowered),Low Volatility,Balanced
Normal,Target,Hold (Unchanged),High Volatility,Defensive
Normal,Low,Cut (Lowered),High Volatility,Defensive
Economic Boom,Low,Cut (Lowered),High Volatility,Aggressive
Economic Boom,High,Hike (Raised),High Volatility,Defensive
Economic Boom,Target,Cut (Lowered),Low Volatility,Aggressive
Normal,Low,Hold (Unchanged),High Volatility,Aggressive
Economic Boom,Low,Hold (Unchanged),Low Volatility,Balanced
Normal,Target,Hold (Unchanged),Low Volatility,Aggressive
Normal,High,Hold (Unchanged),Low Volatility,Defensive
Normal,Target,Hold (Unchanged),Low Volatility,Balanced
Normal,Low,Cut (Lowered),Low Volatility,Balanced
Normal,Low,Cut (Lowered),High Volatility,Balanced
Normal,Low,Cut (Lowered),Low Volatility,Defensive
Normal,Low,Cut (Lowered),Low Volatility,Defensive
Normal,Target,Cut (Lowered),Low Volatility,Aggressive
Normal,Low,Cut (Lowered),Low Volatility,Balanced
Normal,Target,Cut (Lowered),Low Volatility,Aggressive
Normal,Target,Hold (Unchanged),Low Volatility,Aggressive
Crisis,High,Hike (Raised),High Volatility,Defensive
Crisis,High,Cut (Lowered),High Volatility,Defensive
Normal,Target,Hold (Unchanged),Low Volatility,Aggressive
Economic Boom,Target,Cut (Lowered),High Volatility,Defensive
Normal,Target,Hold (Unchanged),Low Volatility,Aggressive
Normal,Target,Cut (Lowered),Low Volatility,Aggressive
Normal,Target,Hold (Unchanged),Low Volatility,Aggressive
Normal,Target,Hike (Raised),Low Volatility,Balanced
Economic Boom,High,Hold (Unchanged),Low Volatility,Aggressive
Normal,High,Hold (Unchanged),Low Volatility,Balanced
Crisis,Target,Cut (Lowered),Low Volatility,Aggressive
Normal,Target,Hold (Unchanged),Low Volatility,Balanced
Crisis,Low,Cut (Lowered),High Volatility,Balanced
Normal,Low,Cut (Lowered),Low Volatility,Balanced
Normal,Target,Cut (Lowered),Low Volatility,Balanced
Crisis,Low,Cut (Lowered),Low Volatility,Balanced
Normal,High,Hold (Unchanged),Low Volatility,Balanced
Normal,Low,Cut (Lowered),Low Volatility,Defensive
Economic Boom,Target,Hold (Unchanged),Low Volatility,Aggressive
Economic Boom,Target,Hike (Raised),Low Volatility,Defensive
Crisis,Target,Cut (Lowered),High Volatility,Defensive
Normal,Target,Cut (Lowered),High Volatility,Balanced
Normal,High,Hold (Unchanged),Low Volatility,Defensive
Normal,Target,Hike (Raised),High Volatility,Aggressive
Normal,Target,Hold (Unchanged),Low Volatility,Aggressive
Economic Boom,Low,Cut (Lowered),High Volatility,Balanced
Economic Boom,Target,Cut (Lowered),Low Volatility,Aggressive
Normal,High,Hold (Unchanged),High Volatility,Balanced
Normal,Target,Hold (Unchanged),Low Volatility,Balanced
Normal,High,Hike (Raised),High Volatility,Balanced
Normal,Target,Hike (Raised),High Volatility,Defensive
Normal,Low,Cut (Lowered),Low Volatility,Balanced
Normal,Low,Cut (Lowered),High Volatility,Balanced
Normal,Target,Hold (Unchanged),Low Volatility,Aggressive
Normal,Target,Hold (Unchanged),High Volatility,Defensive
Normal,High,Hike (Raised),High Volatility,Defensive
Economic Boom,Target,Hold (Unchanged),Low Volatility,Aggressive
Crisis,Target,Cut (Lowered),Low Volatility,Balanced
Normal,Target,Hold (Unchanged),High Volatility,Balanced
Normal,Target,Hike (Raised),High Volatility,Balanced
Crisis,Low,Cut (Lowered),High Volatility,Defensive
Crisis,Low,Cut (Lowered),High Volatility,Defensive
Normal,Low,Cut (Lowered),Low Volatility,Balanced
Economic Boom,Low,Cut (Lowered),High Volatility,Balanced
Normal,Low,Hike (Raised),Low Volatility,Defensive
Economic Boom,Low,Cut (Lowered),Low Volatility,Balanced
Normal,Target,Hold (Unchanged),Low Volatility,Balanced
Normal,Target,Hold (Unchanged),High Volatility,Defensive
Normal,High,Hold (Unchanged),Low Volatility,Balanced
Normal,Low,Cut (Lowered),Low Volatility,Balanced
Normal,Target,Cut (Lowered),Low Volatility,Aggressive
Normal,Target,Hold (Unchanged),Low Volatility,Aggressive
Normal,Low,Cut (Lowered),Low Volatility,Defensive
Economic Boom,High,Hike (Raised),Low Volatility,Balanced
Economic Boom,Low,Hold (Unchanged),High Volatility,Balanced
Economic Boom,High,Hike (Raised),High Volatility,Defensive
Normal,High,Cut (Lowered),Low Volatility,Balanced
Normal,Target,Hike (Raised),High Volatility,Balanced
Normal,Target,Hold (Unchanged),Low Volatility,Aggressive
Normal,Target,Hold (Unchanged),Low Volatility,Defensive
Normal,Target,Hold (Unchanged),Low Volatility,Aggressive
Normal,Target,Hold (Unchanged),Low Volatility,Aggressive
Normal,Low,Cut (Lowered),Low Volatility,Aggressive
Normal,Low,Hold (Unchanged),Low Volatility,Balanced
Economic Boom,Target,Hike (Raised),High Volatility,Balanced
Normal,Target,Hold (Unchanged),Low Volatility,Aggressive
Crisis,High,Cut (Lowered),High Volatility,Balanced
Crisis,Low,Cut (Lowered),Low Volatility,Aggressive
Economic Boom,High,Hold (Unchanged),Low Volatility,Balanced
Normal,Low,Cut (Lowered),Low Volatility,Balanced
Normal,Target,Hold (Unchanged),Low Volatility,Defensive
Economic Boom,Target,Hike (Raised),High Volatility,Balanced
Economic Boom,Target,Hold (Unchanged),High Volatility,Balanced
Normal,Low,Cut (Lowered),Low Volatility,Balanced
Normal,Target,Hold (Unchanged),Low Volatility,Balanced
Normal,High,Cut (Lowered),High Volatility,Defensive
Normal,Target,Hike (Raised),High Volatility,Defensive
Normal,Target,Hold (Unchanged),Low Volatility,Aggressive
Economic Boom,High,Hold (Unchanged),Low Volatility,Defensive
Normal,Target,Hold (Unchanged),Low Volatility,Aggressive
Normal,Target,Hike (Raised),High Volatility,Defensive
Normal,Target,Hike (Raised),High Volatility,Defensive
Crisis,High,Cut (Lowered),High Volatility,Defensive
Crisis,Target,Hold (Unchanged),Low Volatility,Balanced
Normal,Low,Cut (Lowered),Low Volatility,Balanced
Crisis,Target,Cut (Lowered),High Volatility,Aggressive
Normal,High,Hike (Raised),Low Volatility,Aggressive
Normal,Low,Hold (Unchanged),Low Volatility,Defensive
Crisis,High,Cut (Lowered),High Volatility,Balanced
Economic Boom,Low,Cut (Lowered),Low Volatility,Balanced
Normal,High,Hike (Raised),High Volatility,Balanced
Normal,Target,Hold (Unchanged),Low Volatility,Aggressive
Normal,Target,Hike (Raised),High Volatility,Defensive
Normal,High,Hold (Unchanged),Low Volatility,Balanced
Crisis,Target,Hike (Raised),Low Volatility,Balanced
Normal,Target,Hike (Raised),High Volatility,Balanced
Economic Boom,Low,Cut (Lowered),High Volatility,Balanced
Normal,Low,Hold (Unchanged),Low Volatility,Balanced
Normal,Low,Cut (Lowered),Low Volatility,Balanced
Normal,Target,Hold (Unchanged),Low Volatility,Aggressive
Economic Boom,Low,Cut (Lowered),High Volatility,Aggressive
Normal,Low,Cut (Lowered),Low Volatility,Balanced
Normal,Target,Hold (Unchanged),High Volatility,Balanced
Normal,Target,Hike (Raised),Low Volatility,Aggressive
Normal,Target,Hold (Unchanged),High Volatility,Aggressive
Economic Boom,Low,Cut (Lowered),Low Volatility,Defensive
Normal,Low,Hike (Raised),High Volatility,Balanced
Normal,High,Hold (Unchanged),Low Volatility,Balanced
Economic Boom,Target,Hold (Unchanged),High Volatility,Balanced
Economic Boom,High,Hike (Raised),Low Volatility,Defensive
Economic Boom,High,Hike (Raised),Low Volatility,Balanced
Normal,High,Hold (Unchanged),Low Volatility,Balanced
Normal,Low,Hold (Unchanged),High Volatility,Balanced
Normal,High,Hold (Unchanged),High Volatility,Defensive
Normal,High,Hike (Raised),High Volatility,Defensive
Crisis,Target,Cut (Lowered),High Volatility,Aggressive
Normal,Target,Hold (Unchanged),Low Volatility,Aggressive
Normal,Target,Hold (Unchanged),High Volatility,Balanced
Normal,Low,Hold (Unchanged),High Volatility,Aggressive
Normal,Target,Hold (Unchanged),Low Volatility,Balanced
Normal,Target,Cut (Lowered),Low Volatility,Aggressive
Economic Boom,Target,Cut (Lowered),High Volatility,Defensive
Crisis,Target,Cut (Lowered),High Volatility,Balanced
Normal,Target,Hold (Unchanged),Low Volatility,Balanced
Normal,Target,Hold (Unchanged),Low Volatility,Aggressive
Normal,High,Cut (Lowered),Low Volatility,Balanced
Normal,Low,Hold (Unchanged),Low Volatility,Balanced
Normal,Target,Hold (Unchanged),Low Volatility,Balanced
Crisis,Low,Cut (Lowered),High Volatility,Aggressive
Normal,Target,Hold (Unchanged),Low Volatility,Aggressive
Normal,Target,Hold (Unchanged),Low Volatility,Balanced
Normal,High,Hike (Raised),High Volatility,Defensive
Economic Boom,Target,Cut (Lowered),Low Volatility,Aggressive
Economic Boom,High,Hike (Raised),High Volatility,Defensive
Normal,Low,Hold (Unchanged),Low Volatility,Balanced
Normal,Target,Hold (Unchanged),Low Volatility,Aggressive
Normal,Low,Cut (Lowered),Low Volatility,Balanced
Economic Boom,High,Hike (Raised),High Volatility,Defensive
Normal,Target,Hold (Unchanged),High Volatility,Balanced
Normal,Target,Hike (Raised),High Volatility,Defensive
Economic Boom,High,Hike (Raised),High Volatility,Defensive
Normal,Low,Cut (Lowered),Low Volatility,Defensive
Economic Boom,Low,Hike (Raised),High Volatility,Balanced
Normal,High,Cut (Lowered),Low Volatility,Balanced
Normal,Target,Cut (Lowered),Low Volatility,Aggressive
Normal,Low,Hold (Unchanged),Low Volatility,Balanced
Economic Boom,Target,Cut (Lowered),Low Volatility,Aggressive
Economic Boom,Target,Cut (Lowered),Low Volatility,Defensive
Normal,Low,Cut (Lowered),High Volatility,Defensive
Normal,Target,Hold (Unchanged),High Volatility,Aggressive
Normal,Low,Hold (Unchanged),Low Volatility,Balanced
Economic Boom,Target,Hold (Unchanged),Low Volatility,Balanced
Normal,High,Hold (Unchanged),Low Volatility,Balanced
Normal,High,Hold (Unchanged),Low Volatility,Balanced
Normal,Target,Hike (Raised),High Volatility,Aggressive
Normal,Low,Hold (Unchanged),Low Volatility,Defensive
Normal,High,Hold (Unchanged),Low Volatility,Balanced
Normal,Target,Hike (Raised),High Volatility,Balanced
Crisis,Low,Hold (Unchanged),Low Volatility,Aggressive
Economic Boom,High,Hold (Unchanged),Low Volatility,Aggressive
Crisis,High,Cut (Lowered),Low Volatility,Defensive
Normal,Target,Cut (Lowered),Low Volatility,Aggressive
Economic Boom,Target,Hold (Unchanged),High Volatility,Balanced
Normal,Low,Cut (Lowered),Low Volatility,Balanced
Normal,Low,Cut (Lowered),Low Volatility,Aggressive
Normal,Target,Cut (Lowered),Low Volatility,Aggressive
Economic Boom,Low,Hike (Raised),Low Volatility,Defensive
Normal,Target,Hold (Unchanged),Low Volatility,Balanced
Economic Boom,High,Hike (Raised),High Volatility,Defensive
Crisis,High,Hike (Raised),High Volatility,Defensive
Normal,Target,Cut (Lowered),High Volatility,Defensive
Normal,High,Hold (Unchanged),Low Volatility,Balanced
Economic Boom,High,Cut (Lowered),Low Volatility,Aggressive
Normal,Target,Hike (Raised),High Volatility,Defensive
Economic Boom,Low,Cut (Lowered),High Volatility,Balanced
Normal,Target,Cut (Lowered),Low Volatility,Defensive
Normal,Target,Cut (Lowered),Low Volatility,Balanced
Crisis,Low,Cut (Lowered),High Volatility,Balanced
Economic Boom,Target,Hike (Raised),High Volatility,Defensive
Normal,Low,Cut (Lowered),High Volatility,Aggressive
Normal,Target,Hike (Raised),High Volatility,Aggressive
Normal,High,Hold (Unchanged),Low Volatility,Balanced
Economic Boom,Low,Cut (Lowered),High Volatility,Defensive
Normal,Target,Hike (Raised),High Volatility,Balanced
Normal,Target,Cut (Lowered),Low Volatility,Balanced
Normal,Low,Hike (Raised),High Volatility,Defensive
Normal,High,Hold (Unchanged),Low Volatility,Balanced
Normal,Target,Cut (Lowered),High Volatility,Balanced
Economic Boom,Target,Hold (Unchanged),Low Volatility,Defensive
Economic Boom,High,Hike (Raised),High Volatility,Defensive
Crisis,Target,Hike (Raised),High Volatility,Aggressive
Normal,Target,Cut (Lowered),Low Volatility,Aggressive
Crisis,Low,Cut (Lowered),Low Volatility,Aggressive
Normal,High,Hold (Unchanged),Low Volatility,Aggressive
Normal,Target,Hold (Unchanged),High Volatility,Balanced
Normal,Target,Hold (Unchanged),High Volatility,Defensive
Normal,Low,Cut (Lowered),Low Volatility,Balanced
Normal,Target,Hike (Raised),High Volatility,Defensive
Normal,High,Hold (Unchanged),High Volatility,Defensive
Normal,Target,Hike (Raised),High Volatility,Balanced
Normal,Target,Hold (Unchanged),High Volatility,Balanced
Crisis,Target,Cut (Lowered),High Volatility,Defensive
Normal,High,Hike (Raised),Low Volatility,Balanced
Normal,Target,Hold (Unchanged),Low Volatility,Aggressive
Normal,High,Hike (Raised),High Volatility,Defensive
Normal,High,Hike (Raised),High Volatility,Defensive
Normal,Target,Hold (Unchanged),High Volatility,Defensive
Crisis,Low,Cut (Lowered),High Volatility,Balanced
Normal,Target,Cut (Lowered),High Volatility,Balanced
Economic Boom,High,Cut (Lowered),Low Volatility,Balanced
Normal,Low,Cut (Lowered),High Volatility,Balanced
Normal,Target,Cut (Lowered),High Volatility,Defensive
Normal,High,Hold (Unchanged),Low Volatility,Defensive
Normal,Target,Hold (Unchanged),Low Volatility,Balanced
Normal,Target,Hold (Unchanged),Low Volatility,Balanced
Normal,Low,Cut (Lowered),Low Volatility,Defensive
Crisis,Low,Cut (Lowered),High Volatility,Balanced
Normal,High,Cut (Lowered),High Volatility,Defensive
Normal,Low,Cut (Lowered),High Volatility,Balanced
Normal,Target,Hold (Unchanged),Low Volatility,Aggressive
Economic Boom,High,Hike (Raised),High Volatility,Defensive
Crisis,Target,Cut (Lowered),High Volatility,Defensive
Normal,High,Hike (Raised),High Volatility,Balanced
Normal,High,Hold (Unchanged),Low Volatility,Aggressive
Economic Boom,Target,Hold (Unchanged),High Volatility,Defensive
Crisis,Low,Hike (Raised),High Volatility,Balanced
Normal,Target,Hike (Raised),Low Volatility,Aggressive
Normal,Target,Hold (Unchanged),High Volatility,Balanced
Normal,Low,Cut (Lowered),Low Volatility,Balanced
Normal,Target,Cut (Lowered),High Volatility,Balanced
Normal,Low,Cut (Lowered),Low Volatility,Balanced
Normal,High,Hike (Raised),Low Volatility,Balanced
Normal,Low,Cut (Lowered),High Volatility,Aggressive
Normal,Low,Hike (Raised),Low Volatility,Balanced
Normal,Low,Cut (Lowered),High Volatility,Defensive
Normal,High,Hike (Raised),High Volatility,Defensive
Normal,Target,Hold (Unchanged),Low Volatility,Aggressive
Normal,High,Cut (Lowered),Low Volatility,Defensive
Economic Boom,Target,Hold (Unchanged),Low Volatility,Balanced
Normal,Target,Hold (Unchanged),High Volatility,Aggressive
Crisis,Low,Cut (Lowered),High Volatility,Balanced
Crisis,Target,Hold (Unchanged),High Volatility,Defensive
Economic Boom,Target,Hold (Unchanged),Low Volatility,Balanced
Normal,Target,Hold (Unchanged),Low Volatility,Aggressive
Crisis,Target,Cut (Lowered),High Volatility,Balanced
Normal,High,Cut (Lowered),High Volatility,Defensive
Normal,Low,Hike (Raised),High Volatility,Balanced
Normal,High,Hold (Unchanged),Low Volatility,Defensive
Normal,Low,Cut (Lowered),High Volatility,Defensive
Crisis,Target,Cut (Lowered),High Volatility,Balanced
Economic Boom,Target,Hold (Unchanged),Low Volatility,Defensive
Normal,Target,Hike (Raised),High Volatility,Aggressive
Normal,Target,Hold (Unchanged),High Volatility,Defensive
Normal,Target,Hold (Unchanged),High Volatility,Balanced
Normal,Target,Hike (Raised),High Volatility,Balanced
Normal,Target,Cut (Lowered),High Volatility,Balanced
Normal,Target,Hold (Unchanged),High Volatility,Balanced
Normal,High,Hike (Raised),Low Volatility,Balanced
Economic Boom,Low,Cut (Lowered),High Volatility,Balanced
Economic Boom,Target,Hike (Raised),High Volatility,Balanced
Crisis,Target,Cut (Lowered),High Volatility,Balanced
Normal,Target,Hike (Raised),Low Volatility,Aggressive
Economic Boom,Target,Hike (Raised),High Volatility,Balanced
Normal,Target,Hold (Unchanged),Low Volatility,Aggressive
Economic Boom,Low,Cut (Lowered),Low Volatility,Balanced
Normal,Low,Cut (Lowered),Low Volatility,Aggressive
Normal,Low,Hold (Unchanged),High Volatility,Balanced
Normal,Target,Hold (Unchanged),High Volatility,Balanced
Normal,Target,Cut (Lowered),Low Volatility,Defensive
Normal,High,Hold (Unchanged),Low Volatility,Balanced
Crisis,Target,Hike (Raised),High Volatility,Balanced
Normal,Low,Cut (Lowered),Low Volatility,Aggressive
Normal,High,Hold (Unchanged),Low Volatility,Balanced
Normal,High,Cut (Lowered),High Volatility,Defensive
Economic Boom,Target,Hold (Unchanged),Low Volatility,Defensive
Normal,Target,Cut (Lowered),Low Volatility,Aggressive
Economic Boom,High,Hold (Unchanged),Low Volatility,Aggressive
Normal,Target,Hike (Raised),High Volatility,Defensive
Normal,High,Hike (Raised),High Volatility,Defensive
Economic Boom,Low,Cut (Lowered),Low Volatility,Balanced
Crisis,Low,Cut (Lowered),High Volatility,Balanced
Crisis,Target,Cut (Lowered),High Volatility,Balanced
Normal,Target,Hold (Unchanged),Low Volatility,Aggressive
Crisis,High,Cut (Lowered),Low Volatility,Balanced
Normal,High,Hold (Unchanged),Low Volatility,Defensive
Economic Boom,Target,Hold (Unchanged),Low Volatility,Aggressive
Normal,Low,Hold (Unchanged),Low Volatility,Defensive
Normal,High,Hold (Unchanged),Low Volatility,Balanced
Normal,Target,Hold (Unchanged),Low Volatility,Aggressive
Normal,Low,Cut (Lowered),Low Volatility,Aggressive
Crisis,Target,Hike (Raised),High Volatility,Balanced
Normal,Target,Hike (Raised),High Volatility,Balanced
Normal,High,Cut (Lowered),Low Volatility,Balanced
Normal,Target,Hold (Unchanged),Low Volatility,Balanced
Normal,Target,Hold (Unchanged),Low Volatility,Balanced
Normal,High,Cut (Lowered),Low Volatility,Aggressive
Crisis,Target,Cut (Lowered),High Volatility,Aggressive
Normal,Target,Hold (Unchanged),Low Volatility,Aggressive
Economic Boom,Target,Hold (Unchanged),Low Volatility,Defensive
Normal,Target,Hold (Unchanged),Low Volatility,Aggressive
Crisis,Low,Cut (Lowered),High Volatility,Balanced
Normal,Low,Hike (Raised),High Volatility,Balanced
Normal,Target,Hold (Unchanged),High Volatility,Balanced
Normal,Target,Hold (Unchanged),High Volatility,Balanced
Normal,Target,Cut (Lowered),High Volatility,Balanced
Crisis,Low,Cut (Lowered),High Volatility,Defensive
Normal,Target,Hold (Unchanged),Low Volatility,Balanced
Normal,Target,Cut (Lowered),Low Volatility,Defensive
Normal,Low,Cut (Lowered),Low Volatility,Balanced
Normal,Low,Cut (Lowered),Low Volatility,Defensive
Crisis,High,Cut (Lowered),High Volatility,Defensive
Economic Boom,High,Hike (Raised),High Volatility,Defensive
Economic Boom,Low,Cut (Lowered),Low Volatility,Aggressive
Economic Boom,High,Hike (Raised),High Volatility,Balanced
Economic Boom,Target,Cut (Lowered),Low Volatility,Balanced
Economic Boom,High,Hike (Raised),High Volatility,Defensive
Normal,Target,Hold (Unchanged),Low Volatility,Balanced
Normal,Target,Hold (Unchanged),Low Volatility,Aggressive
Normal,Low,Hike (Raised),High Volatility,Balanced
Normal,Target,Hike (Raised),High Volatility,Defensive
Normal,High,Cut (Lowered),High Volatility,Balanced
Normal,Target,Hike (Raised),High Volatility,Balanced
Crisis,Target,Cut (Lowered),High Volatility,Aggressive
Normal,Low,Hike (Raised),High Volatility,Defensive
Economic Boom,Target,Hold (Unchanged),Low Volatility,Balanced
Normal,Target,Hold (Unchanged),Low Volatility,Aggressive
Normal,Target,Cut (Lowered),Low Volatility,Aggressive
Normal,High,Cut (Lowered),Low Volatility,Aggressive
Normal,Low,Hold (Unchanged),Low Volatility,Balanced
Economic Boom,Target,Hike (Raised),High Volatility,Defensive
Normal,High,Hold (Unchanged),Low Volatility,Balanced
Normal,Target,Hold (Unchanged),Low Volatility,Aggressive
Normal,Target,Hold (Unchanged),Low Volatility,Aggressive
Normal,Target,Hold (Unchanged),Low Volatility,Aggressive
Normal,High,Cut (Lowered),High Volatility,Defensive
Normal,Low,Cut (Lowered),Low Volatility,Balanced
Normal,High,Hold (Unchanged),Low Volatility,Balanced
Normal,High,Hold (Unchanged),Low Volatility,Balanced
Normal,Low,Cut (Lowered),Low Volatility,Aggressive
Economic Boom,Target,Cut (Lowered),Low Volatility,Aggressive
Crisis,Target,Cut (Lowered),Low Volatility,Aggressive
Economic Boom,Target,Hike (Raised),High Volatility,Balanced
Normal,High,Cut (Lowered),High Volatility,Defensive
Normal,High,Hold (Unchanged),Low Volatility,Aggressive
Crisis,Low,Cut (Lowered),High Volatility,Balanced
Normal,Target,Hold (Unchanged),High Volatility,Aggressive
Normal,Target,Cut (Lowered),High Volatility,Balanced
Crisis,Target,Cut (Lowered),High Volatility,Balanced
Normal,Target,Cut (Lowered),Low Volatility,Aggressive
Economic Boom,Low,Cut (Lowered),High Volatility,Balanced
Crisis,Target,Cut (Lowered),High Volatility,Aggressive
Normal,Target,Hold (Unchanged),Low Volatility,Balanced
Normal,Low,Cut (Lowered),Low Volatility,Balanced
Normal,High,Hold (Unchanged),Low Volatility,Balanced
Normal,High,Hold (Unchanged),High Volatility,Defensive
Normal,Target,Hold (Unchanged),Low Volatility,Aggressive
Normal,Target,Hike (Raised),Low Volatility,Aggressive
Crisis,Target,Cut (Lowered),High Volatility,Aggressive
Normal,Target,Hold (Unchanged),High Volatility,Balanced
Normal,Low,Hold (Unchanged),Low Volatility,Balanced
Economic Boom,Target,Hold (Unchanged),Low Volatility,Balanced
Economic Boom,Low,Cut (Lowered),Low Volatility,Balanced
Normal,Low,Cut (Lowered),Low Volatility,Balanced
Crisis,Low,Cut (Lowered),High Volatility,Balanced
Normal,Low,Cut (Lowered),Low Volatility,Balanced
Normal,Low,Cut (Lowered),Low Volatility,Defensive
Normal,High,Cut (Lowered),Low Volatility,Defensive
Normal,Target,Hold (Unchanged),Low Volatility,Defensive
Normal,Low,Hold (Unchanged),Low Volatility,Balanced
Normal,Low,Cut (Lowered),Low Volatility,Aggressive
Normal,High,Hike (Raised),High Volatility,Defensive
Economic Boom,Target,Hike (Raised),Low Volatility,Defensive
Normal,Target,Hike (Raised),High Volatility,Balanced
Normal,High,Hike (Raised),High Volatility,Defensive
Economic Boom,Target,Hold (Unchanged),Low Volatility,Balanced
Economic Boom,Target,Cut (Lowered),Low Volatility,Balanced
Normal,Low,Cut (Lowered),Low Volatility,Defensive
Normal,Target,Hold (Unchanged),Low Volatility,Balanced
Normal,Target,Hike (Raised),High Volatility,Defensive
Economic Boom,Target,Hike (Raised),High Volatility,Balanced
Economic Boom,Target,Hold (Unchanged),High Volatility,Balanced
Crisis,Target,Cut (Lowered),High Volatility,Balanced
Normal,Low,Cut (Lowered),Low Volatility,Defensive
Normal,Low,Cut (Lowered),High Volatility,Balanced
Normal,Target,Hold (Unchanged),Low Volatility,Aggressive
Normal,High,Hold (Unchanged),High Volatility,Balanced
Economic Boom,Target,Hike (Raised),High Volatility,Defensive
Normal,Target,Hold (Unchanged),Low Volatility,Aggressive
Economic Boom,Target,Hike (Raised),High Volatility,Balanced
Economic Boom,Low,Cut (Lowered),Low Volatility,Defensive
Normal,Low,Hold (Unchanged),Low Volatility,Aggressive
Normal,Target,Cut (Lowered),Low Volatility,Aggressive
Normal,Low,Hold (Unchanged),High Volatility,Balanced
Normal,Low,Cut (Lowered),Low Volatility,Defensive
Normal,High,Cut (Lowered),Low Volatility,Defensive
Normal,Low,Cut (Lowered),Low Volatility,Balanced
Normal,Target,Hike (Raised),High Volatility,Balanced
Normal,Target,Cut (Lowered),Low Volatility,Aggressive
Crisis,Target,Cut (Lowered),High Volatility,Balanced
Normal,Target,Hold (Unchanged),Low Volatility,Aggressive
Crisis,Target,Cut (Lowered),Low Volatility,Aggressive
Normal,Target,Hike (Raised),Low Volatility,Defensive
Normal,Target,Hold (Unchanged),Low Volatility,Aggressive
Normal,High,Hold (Unchanged),Low Volatility,Balanced
Normal,Low,Hike (Raised),High Volatility,Balanced
Crisis,Low,Hold (Unchanged),High Volatility,Defensive
Crisis,High,Hold (Unchanged),High Volatility,Defensive
Normal,Target,Hold (Unchanged),Low Volatility,Balanced
Economic Boom,Target,Hold (Unchanged),Low Volatility,Aggressive
Normal,Target,Hold (Unchanged),Low Volatility,Aggressive
Normal,Low,Hold (Unchanged),High Volatility,Defensive
Crisis,Target,Cut (Lowered),High Volatility,Defensive
Normal,Target,Hold (Unchanged),Low Volatility,Defensive
Normal,Low,Cut (Lowered),Low Volatility,Balanced
Normal,Target,Hold (Unchanged),Low Volatility,Balanced
Normal,High,Hike (Raised),High Volatility,Defensive
Crisis,Target,Cut (Lowered),High Volatility,Balanced
Normal,Low,Cut (Lowered),Low Volatility,Aggressive
Normal,Target,Hike (Raised),High Volatility,Balanced
Normal,Target,Hold (Unchanged),Low Volatility,Aggressive
Economic Boom,High,Hike (Raised),Low Volatility,Balanced
Normal,Target,Hike (Raised),Low Volatility,Aggressive
Normal,Low,Hike (Raised),High Volatility,Balanced
Normal,Target,Hold (Unchanged),Low Volatility,Aggressive
Normal,Target,Cut (Lowered),Low Volatility,Aggressive
Normal,Low,Cut (Lowered),Low Volatility,Balanced
Normal,Target,Hold (Unchanged),Low Volatility,Aggressive
Normal,Target,Hold (Unchanged),Low Volatility,Aggressive
Normal,Target,Hold (Unchanged),Low Volatility,Aggressive
Normal,Low,Cut (Lowered),Low Volatility,Defensive
Normal,Target,Cut (Lowered),Low Volatility,Aggressive
Economic Boom,High,Hike (Raised),Low Volatility,Aggressive
Normal,High,Hold (Unchanged),Low Volatility,Balanced
Normal,High,Hold (Unchanged),Low Volatility,Aggressive
Crisis,High,Cut (Lowered),Low Volatility,Defensive
Normal,Low,Cut (Lowered),Low Volatility,Aggressive
Crisis,Target,Cut (Lowered),High Volatility,Balanced
Normal,Target,Hold (Unchanged),High Volatility,Defensive
Crisis,High,Cut (Lowered),Low Volatility,Aggressive
Normal,Target,Cut (Lowered),Low Volatility,Balanced
Normal,High,Hold (Unchanged),Low Volatility,Defensive
Normal,Target,Cut (Lowered),High Volatility,Defensive
Economic Boom,High,Hold (Unchanged),Low Volatility,Balanced
Normal,Low,Hold (Unchanged),Low Volatility,Aggressive
Normal,Low,Cut (Lowered),Low Volatility,Defensive
Normal,High,Hold (Unchanged),Low Volatility,Balanced
Crisis,Low,Hold (Unchanged),High Volatility,Defensive
Normal,High,Hold (Unchanged),Low Volatility,Balanced
Crisis,Low,Hike (Raised),High Volatility,Defensive
Normal,Target,Cut (Lowered),Low Volatility,Balanced
Normal,Target,Hold (Unchanged),Low Volatility,Balanced
Normal,Target,Hike (Raised),Low Volatility,Aggressive
Normal,Target,Hike (Raised),High Volatility,Aggressive
Normal,Target,Cut (Lowered),Low Volatility,Aggressive
Crisis,Low,Cut (Lowered),High Volatility,Defensive
Normal,Low,Cut (Lowered),Low Volatility,Balanced
Normal,Target,Hold (Unchanged),High Volatility,Balanced
Economic Boom,Target,Hold (Unchanged),Low Volatility,Balanced
Economic Boom,Target,Hold (Unchanged),Low Volatility,Defensive
Economic Boom,Target,Hold (Unchanged),Low Volatility,Balanced
Normal,Target,Hold (Unchanged),Low Volatility,Aggressive
Normal,Target,Hold (Unchanged),Low Volatility,Aggressive
Normal,Low,Hold (Unchanged),Low Volatility,Balanced
Normal,Target,Hold (Unchanged),High Volatility,Defensive
Normal,High,Cut (Lowered),Low Volatility,Balanced
Economic Boom,High,Hike (Raised),Low Volatility,Aggressive
Economic Boom,Target,Hold (Unchanged),Low Volatility,Balanced
Normal,Target,Hold (Unchanged),High Volatility,Aggressive
Crisis,High,Hike (Raised),High Volatility,Defensive
Normal,Target,Hike (Raised),Low Volatility,Balanced
Economic Boom,Low,Cut (Lowered),High Volatility,Balanced
Economic Boom,Low,Cut (Lowered),High Volatility,Aggressive
Normal,Target,Hold (Unchanged),Low Volatility,Aggressive
Crisis,High,Cut (Lowered),High Volatility,Balanced
Economic Boom,Target,Cut (Lowered),Low Volatility,Balanced
Normal,Low,Cut (Lowered),Low Volatility,Balanced
Normal,Low,Cut (Lowered),Low Volatility,Aggressive
Economic Boom,High,Hike (Raised),High Volatility,Balanced
Crisis,High,Cut (Lowered),High Volatility,Defensive
Normal,Target,Hike (Raised),Low Volatility,Aggressive
Crisis,Target,Hold (Unchanged),High Volatility,Defensive
Normal,Low,Cut (Lowered),Low Volatility,Defensive
Economic Boom,High,Hold (Unchanged),Low Volatility,Defensive
Normal,High,Hold (Unchanged),Low Volatility,Defensive
Economic Boom,Target,Hold (Unchanged),Low Volatility,Balanced
Normal,Target,Hold (Unchanged),Low Volatility,Balanced
Normal,Low,Hold (Unchanged),High Volatility,Aggressive
Normal,Low,Cut (Lowered),Low Volatility,Balanced
Normal,Low,Cut (Lowered),Low Volatility,Balanced
Normal,Low,Cut (Lowered),Low Volatility,Aggressive
Crisis,Target,Hike (Raised),High Volatility,Defensive
Normal,Target,Hike (Raised),High Volatility,Balanced
Normal,Target,Hold (Unchanged),Low Volatility,Aggressive
Normal,Target,Hold (Unchanged),Low Volatility,Defensive
Normal,Target,Hold (Unchanged),High Volatility,Balanced
Normal,Low,Cut (Lowered),Low Volatility,Defensive
Crisis,Target,Cut (Lowered),High Volatility,Defensive
Normal,Target,Hold (Unchanged),High Volatility,Defensive
Normal,Target,Cut (Lowered),High Volatility,Aggressive
Normal,High,Cut (Lowered),Low Volatility,Balanced
Crisis,Target,Cut (Lowered),High Volatility,Balanced
Economic Boom,High,Hike (Raised),High Volatility,Defensive
Normal,Target,Hold (Unchanged),Low Volatility,Balanced
Normal,Low,Cut (Lowered),Low Volatility,Balanced
Crisis,Target,Cut (Lowered),High Volatility,Balanced
Normal,Low,Cut (Lowered),High Volatility,Defensive
Normal,Target,Hold (Unchanged),Low Volatility,Aggressive
Normal,Low,Cut (Lowered),Low Volatility,Defensive
Normal,High,Cut (Lowered),Low Volatility,Defensive
Economic Boom,Low,Cut (Lowered),Low Volatility,Aggressive
Normal,High,Hold (Unchanged),Low Volatility,Balanced
Crisis,High,Cut (Lowered),Low Volatility,Balanced
Normal,Target,Hike (Raised),High Volatility,Balanced
Normal,Target,Cut (Lowered),High Volatility,Balanced
Normal,Target,Hold (Unchanged),Low Volatility,Aggressive
Normal,High,Hold (Unchanged),Low Volatility,Balanced
Normal,Target,Hike (Raised),High Volatility,Balanced
Economic Boom,High,Hike (Raised),High Volatility,Aggressive
Normal,Target,Hold (Unchanged),High Volatility,Aggressive
Economic Boom,High,Hike (Raised),High Volatility,Defensive
Normal,Target,Hold (Unchanged),Low Volatility,Aggressive
Normal,Target,Hold (Unchanged),Low Volatility,Aggressive
Normal,High,Hold (Unchanged),Low Volatility,Balanced
Economic Boom,High,Hike (Raised),High Volatility,Defensive
Normal,Target,Cut (Lowered),Low Volatility,Aggressive
Normal,Low,Cut (Lowered),High Volatility,Aggressive
Normal,Target,Hold (Unchanged),High Volatility,Balanced
Normal,High,Hold (Unchanged),Low Volatility,Balanced
Normal,High,Hold (Unchanged),High Volatility,Defensive
Normal,High,Hold (Unchanged),High Volatility,Defensive
Normal,Low,Cut (Lowered),High Volatility,Defensive
Normal,Target,Hold (Unchanged),High Volatility,Balanced
Normal,Target,Hold (Unchanged),Low Volatility,Aggressive
Normal,High,Hike (Raised),High Volatility,Defensive
Normal,Low,Cut (Lowered),High Volatility,Balanced
Economic Boom,High,Hike (Raised),High Volatility,Defensive
Normal,Target,Hold (Unchanged),High Volatility,Defensive
Normal,Low,Cut (Lowered),Low Volatility,Defensive
Crisis,Target,Hold (Unchanged),High Volatility,Aggressive
Normal,Target,Cut (Lowered),Low Volatility,Defensive
Normal,Target,Hike (Raised),High Volatility,Defensive
Economic Boom,Low,Hold (Unchanged),Low Volatility,Aggressive
Normal,Low,Cut (Lowered),Low Volatility,Aggressive
Normal,High,Hold (Unchanged),Low Volatility,Balanced
Normal,Low,Cut (Lowered),Low Volatility,Defensive
Normal,Low,Cut (Lowered),Low Volatility,Defensive
Normal,Target,Hold (Unchanged),Low Volatility,Aggressive
Economic Boom,Target,Hold (Unchanged),Low Volatility,Aggressive
Normal,High,Hold (Unchanged),Low Volatility,Balanced
Normal,Target,Cut (Lowered),High Volatility,Defensive
Normal,High,Hike (Raised),High Volatility,Defensive
Normal,Target,Hike (Raised),High Volatility,Defensive
Normal,Low,Cut (Lowered),High Volatility,Balanced
Normal,Low,Hold (Unchanged),Low Volatility,Defensive
Normal,Target,Hold (Unchanged),Low Volatility,Aggressive
Normal,Target,Cut (Lowered),Low Volatility,Balanced
Normal,Target,Hold (Unchanged),High Volatility,Balanced
Economic Boom,Target,Hold (Unchanged),Low Volatility,Balanced
Normal,Target,Hold (Unchanged),High Volatility,Balanced
Normal,Low,Hold (Unchanged),High Volatility,Defensive
Normal,Low,Hike (Raised),High Volatility,Balanced
Crisis,Target,Cut (Lowered),High Volatility,Balanced
Normal,Target,Hold (Unchanged),Low Volatility,Defensive
Normal,Target,Cut (Lowered),Low Volatility,Aggressive
Normal,Low,Cut (Lowered),Low Volatility,Balanced
Crisis,Target,Hold (Unchanged),High Volatility,Aggressive
Normal,High,Hold (Unchanged),Low Volatility,Aggressive
Crisis,Target,Cut (Lowered),High Volatility,Aggressive
Economic Boom,Target,Hold (Unchanged),High Volatility,Defensive
Normal,High,Hold (Unchanged),Low Volatility,Defensive
Normal,Target,Cut (Lowered),Low Volatility,Aggressive
Crisis,Target,Cut (Lowered),High Volatility,Balanced
Normal,Low,Cut (Lowered),Low Volatility,Defensive
Normal,Target,Cut (Lowered),Low Volatility,Aggressive
Economic Boom,Low,Cut (Lowered),High Volatility,Defensive
Economic Boom,High,Hike (Raised),High Volatility,Defensive
Normal,Target,Hike (Raised),High Volatility,Aggressive
Economic Boom,High,Hold (Unchanged),Low Volatility,Balanced
Economic Boom,Target,Cut (Lowered),Low Volatility,Balanced
Economic Boom,Target,Hold (Unchanged),Low Volatility,Aggressive
Economic Boom,Target,Hold (Unchanged),Low Volatility,Aggressive
Normal,High,Cut (Lowered),High Volatility,Defensive
Normal,High,Cut (Lowered),Low Volatility,Defensive
Crisis,Target,Hike (Raised),High Volatility,Balanced
Crisis,High,Cut (Lowered),High Volatility,Defensive
Economic Boom,Target,Hold (Unchanged),High Volatility,Balanced
Normal,Target,Hold (Unchanged),Low Volatility,Aggressive
Normal,Target,Hold (Unchanged),Low Volatility,Aggressive
Economic Boom,Low,Cut (Lowered),Low Volatility,Defensive
Economic Boom,Low,Cut (Lowered),High Volatility,Balanced
Economic Boom,Low,Hold (Unchanged),High Volatility,Balanced
Normal,Target,Cut (Lowered),Low Volatility,Balanced
Crisis,Target,Hold (Unchanged),High Volatility,Balanced
Normal,Target,Cut (Lowered),Low Volatility,Balanced
Crisis,High,Cut (Lowered),High Volatility,Defensive
Crisis,Target,Cut (Lowered),High Volatility,Aggressive
Normal,Target,Cut (Lowered),High Volatility,Aggressive
Normal,Low,Hike (Raised),High Volatility,Balanced
Normal,Low,Cut (Lowered),High Volatility,Balanced
Normal,High,Cut (Lowered),Low Volatility,Aggressive
Normal,Target,Hike (Raised),High Volatility,Aggressive
Normal,High,Hike (Raised),High Volatility,Defensive
Crisis,Low,Hold (Unchanged),High Volatility,Balanced
Normal,Target,Hike (Raised),High Volatility,Balanced
Normal,Target,Hold (Unchanged),Low Volatility,Defensive
Normal,Low,Hold (Unchanged),Low Volatility,Balanced
Crisis,Low,Cut (Lowered),High Volatility,Balanced
Economic Boom,Low,Hold (Unchanged),Low Volatility,Aggressive
Normal,Target,Hold (Unchanged),Low Volatility,Aggressive
Normal,Low,Cut (Lowered),Low Volatility,Defensive
Normal,High,Hold (Unchanged),Low Volatility,Balanced
Economic Boom,Target,Hold (Unchanged),Low Volatility,Balanced
Normal,Low,Cut (Lowered),Low Volatility,Defensive
Normal,Low,Cut (Lowered),High Volatility,Aggressive
Economic Boom,Target,Hike (Raised),High Volatility,Balanced
Normal,Low,Cut (Lowered),Low Volatility,Balanced
Normal,High,Hold (Unchanged),High Volatility,Defensive
Normal,High,Hold (Unchanged),Low Volatility,Balanced
Normal,Low,Hike (Raised),Low Volatility,Balanced
Normal,Target,Hold (Unchanged),Low Volatility,Balanced
Normal,Low,Hold (Unchanged),Low Volatility,Balanced
Economic Boom,Target,Hike (Raised),High Volatility,Defensive
Economic Boom,Target,Hold (Unchanged),High Volatility,Balanced
Normal,Target,Hold (Unchanged),Low Volatility,Aggressive
Normal,Low,Hold (Unchanged),Low Volatility,Aggressive
Normal,Target,Hike (Raised),High Volatility,Aggressive
Economic Boom,Target,Hold (Unchanged),Low Volatility,Aggressive
Economic Boom,Low,Cut (Lowered),Low Volatility,Aggressive
Normal,Target,Hike (Raised),Low Volatility,Aggressive
Economic Boom,Target,Hold (Unchanged),Low Volatility,Aggressive
Normal,High,Hold (Unchanged),Low Volatility,Balanced
Normal,Low,Hold (Unchanged),Low Volatility,Aggressive
Crisis,High,Cut (Lowered),High Volatility,Defensive
Normal,Target,Hold (Unchanged),Low Volatility,Defensive
Normal,Low,Cut (Lowered),Low Volatility,Aggressive
Normal,Target,Hike (Raised),High Volatility,Defensive
Normal,Target,Cut (Lowered),Low Volatility,Aggressive
Economic Boom,High,Hike (Raised),High Volatility,Defensive
Normal,Low,Hold (Unchanged),Low Volatility,Balanced
Normal,Target,Cut (Lowered),Low Volatility,Aggressive
Normal,Target,Cut (Lowered),Low Volatility,Aggressive
Normal,High,Hike (Raised),High Volatility,Defensive
Normal,Target,Hold (Unchanged),Low Volatility,Aggressive
Normal,High,Hike (Raised),Low Volatility,Aggressive
Normal,High,Cut (Lowered),High Volatility,Defensive
Normal,Target,Hold (Unchanged),Low Volatility,Defensive
Normal,High,Hold (Unchanged),Low Volatility,Defensive
Normal,High,Hold (Unchanged),Low Volatility,Defensive
Normal,Target,Hold (Unchanged),High Volatility,Defensive
Normal,Target,Hold (Unchanged),Low Volatility,Aggressive
Normal,Target,Hike (Raised),Low Volatility,Balanced
Economic Boom,Target,Hold (Unchanged),Low Volatility,Aggressive
Normal,Low,Cut (Lowered),Low Volatility,Defensive
Crisis,Low,Cut (Lowered),High Volatility,Balanced
Normal,Target,Hold (Unchanged),High Volatility,Balanced
Normal,Target,Hold (Unchanged),Low Volatility,Aggressive
Normal,Low,Cut (Lowered),Low Volatility,Balanced
Economic Boom,High,Hike (Raised),High Volatility,Defensive
Economic Boom,Target,Cut (Lowered),Low Volatility,Aggressive
Economic Boom,Low,Cut (Lowered),Low Volatility,Balanced
Normal,Target,Hold (Unchanged),Low Volatility,Defensive
Normal,Target,Hold (Unchanged),Low Volatility,Aggressive
Normal,High,Hike (Raised),High Volatility,Defensive
Normal,Low,Cut (Lowered),Low Volatility,Defensive
Normal,Low,Cut (Lowered),High Volatility,Balanced
Normal,High,Hold (Unchanged),High Volatility,Defensive
Economic Boom,High,Hold (Unchanged),Low Volatility,Aggressive
Normal,Target,Hold (Unchanged),Low Volatility,Balanced
Normal,High,Hike (Raised),High Volatility,Defensive
Normal,Low,Cut (Lowered),Low Volatility,Balanced
Crisis,Target,Cut (Lowered),High Volatility,Balanced
Crisis,Low,Cut (Lowered),High Volatility,Balanced
Normal,Low,Cut (Lowered),Low Volatility,Balanced
Crisis,High,Hold (Unchanged),High Volatility,Defensive
Normal,Low,Cut (Lowered),Low Volatility,Aggressive
Economic Boom,Target,Hold (Unchanged),Low Volatility,Aggressive
Economic Boom,High,Hike (Raised),High Volatility,Defensive
Normal,Low,Hold (Unchanged),Low Volatility,Aggressive
Normal,High,Hold (Unchanged),High Volatility,Defensive
Economic Boom,High,Hike (Raised),High Volatility,Defensive
Economic Boom,Target,Cut (Lowered),Low Volatility,Aggressive
Normal,Low,Cut (Lowered),Low Volatility,Aggressive
Normal,Target,Hold (Unchanged),Low Volatility,Aggressive
Normal,Target,Hold (Unchanged),Low Volatility,Aggressive
Economic Boom,Target,Hold (Unchanged),Low Volatility,Aggressive
Economic Boom,Target,Cut (Lowered),Low Volatility,Aggressive
Crisis,High,Cut (Lowered),High Volatility,Defensive
Economic Boom,Low,Cut (Lowered),Low Volatility,Defensive
Normal,Target,Hike (Raised),High Volatility,Defensive
Economic Boom,Low,Cut (Lowered),Low Volatility,Aggressive
Normal,Target,Hold (Unchanged),Low Volatility,Aggressive
Economic Boom,High,Hike (Raised),Low Volatility,Balanced
Crisis,Target,Cut (Lowered),High Volatility,Balanced
Normal,Low,Cut (Lowered),Low Volatility,Defensive
Crisis,Target,Hike (Raised),High Volatility,Balanced
Economic Boom,Target,Hold (Unchanged),High Volatility,Balanced
Economic Boom,Target,Hold (Unchanged),High Volatility,Defensive
Economic Boom,Target,Cut (Lowered),High Volatility,Defensive
Economic Boom,Target,Hold (Unchanged),Low Volatility,Aggressive
Crisis,High,Cut (Lowered),High Volatility,Defensive
Normal,High,Hike (Raised),High Volatility,Defensive
Crisis,Target,Cut (Lowered),High Volatility,Balanced
Normal,High,Hold (Unchanged),Low Volatility,Aggressive
Normal,Target,Hold (Unchanged),Low Volatility,Aggressive
Normal,Target,Hold (Unchanged),Low Volatility,Aggressive
Normal,Low,Cut (Lowered),Low Volatility,Aggressive
Crisis,Target,Hold (Unchanged),High Volatility,Defensive
Normal,Target,Hold (Unchanged),Low Volatility,Defensive
Crisis,Low,Hold (Unchanged),High Volatility,Balanced
Economic Boom,Target,Hike (Raised),High Volatility,Balanced
Normal,High,Hold (Unchanged),Low Volatility,Balanced
Economic Boom,Target,Hold (Unchanged),Low Volatility,Balanced
Normal,Target,Cut (Lowered),Low Volatility,Aggressive
Normal,High,Hike (Raised),Low Volatility,Defensive
Normal,Low,Cut (Lowered),Low Volatility,Aggressive
Normal,Target,Hold (Unchanged),Low Volatility,Balanced
Normal,High,Hold (Unchanged),Low Volatility,Aggressive
Normal,Target,Hold (Unchanged),Low Volatility,Balanced
Crisis,Target,Cut (Lowered),High Volatility,Defensive
Normal,Low,Cut (Lowered),Low Volatility,Defensive
Normal,High,Hold (Unchanged),High Volatility,Aggressive
Normal,Target,Hike (Raised),High Volatility,Defensive
Crisis,High,Cut (Lowered),High Volatility,Defensive
Normal,Target,Hold (Unchanged),High Volatility,Aggressive
Economic Boom,Target,Hike (Raised),High Volatility,Balanced
Crisis,High,Cut (Lowered),High Volatility,Defensive
Normal,Target,Hike (Raised),High Volatility,Aggressive
Economic Boom,Target,Hold (Unchanged),Low Volatility,Aggressive
Normal,Target,Hold (Unchanged),Low Volatility,Aggressive
Crisis,High,Cut (Lowered),High Volatility,Defensive
Normal,Target,Hold (Unchanged),Low Volatility,Aggressive
Normal,Target,Hike (Raised),High Volatility,Aggressive
Normal,Low,Cut (Lowered),Low Volatility,Balanced
Economic Boom,High,Hike (Raised),High Volatility,Balanced
Crisis,Low,Cut (Lowered),High Volatility,Balanced
Normal,Target,Hike (Raised),High Volatility,Balanced
Normal,Target,Hold (Unchanged),Low Volatility,Balanced
Crisis,Target,Hold (Unchanged),High Volatility,Defensive
Normal,Target,Hold (Unchanged),High Volatility,Balanced
Normal,Low,Cut (Lowered),Low Volatility,Balanced
Normal,Target,Hold (Unchanged),Low Volatility,Balanced
Crisis,High,Cut (Lowered),High Volatility,Defensive
Normal,High,Hold (Unchanged),High Volatility,Defensive
Normal,Low,Cut (Lowered),High Volatility,Aggressive
Economic Boom,High,Hike (Raised),High Volatility,Balanced
Crisis,Target,Cut (Lowered),Low Volatility,Balanced
Normal,High,Hold (Unchanged),Low Volatility,Aggressive
Normal,Target,Hold (Unchanged),Low Volatility,Balanced
Normal,Target,Hold (Unchanged),High Volatility,Balanced
Normal,High,Hold (Unchanged),Low Volatility,Aggressive
Normal,High,Hold (Unchanged),High Volatility,Defensive
Normal,Target,Hike (Raised),High Volatility,Balanced
Economic Boom,Target,Hike (Raised),High Volatility,Defensive
Normal,Target,Cut (Lowered),Low Volatility,Balanced
Normal,Target,Cut (Lowered),Low Volatility,Aggressive
Economic Boom,Target,Hike (Raised),Low Volatility,Aggressive
Economic Boom,Target,Hold (Unchanged),Low Volatility,Aggressive
Economic Boom,High,Hike (Raised),Low Volatility,Aggressive
Normal,Low,Hold (Unchanged),Low Volatility,Aggressive
Normal,Target,Hold (Unchanged),Low Volatility,Balanced
Normal,Low,Cut (Lowered),Low Volatility,Balanced
Normal,Target,Hike (Raised),Low Volatility,Aggressive
Normal,Low,Cut (Lowered),Low Volatility,Balanced
Normal,Target,Cut (Lowered),Low Volatility,Defensive
Economic Boom,High,Hold (Unchanged),Low Volatility,Aggressive
Normal,High,Hold (Unchanged),Low Volatility,Balanced
Economic Boom,Low,Hold (Unchanged),High Volatility,Balanced
Normal,Target,Hold (Unchanged),High Volatility,Balanced
Normal,Target,Cut (Lowered),Low Volatility,Defensive
Normal,High,Hike (Raised),High Volatility,Defensive
Normal,High,Cut (Lowered),Low Volatility,Aggressive
Crisis,Target,Cut (Lowered),High Volatility,Aggressive
Normal,Target,Hold (Unchanged),Low Volatility,Balanced
Economic Boom,High,Hike (Raised),Low Volatility,Balanced
Normal,Low,Cut (Lowered),Low Volatility,Balanced
Normal,Target,Hike (Raised),High Volatility,Balanced
Normal,High,Hike (Raised),High Volatility,Defensive
Normal,Target,Hold (Unchanged),Low Volatility,Aggressive
Normal,Target,Hold (Unchanged),High Volatility,Balanced
Normal,Target,Hold (Unchanged),Low Volatility,Defensive
Normal,Target,Hold (Unchanged),Low Volatility,Defensive
Normal,Target,Cut (Lowered),Low Volatility,Balanced
Normal,Target,Hike (Raised),High Volatility,Balanced
Crisis,Target,Cut (Lowered),High Volatility,Balanced
Normal,Target,Cut (Lowered),Low Volatility,Balanced
Normal,High,Hold (Unchanged),Low Volatility,Defensive
Normal,Low,Cut (Lowered),Low Volatility,Aggressive
Normal,Target,Cut (Lowered),Low Volatility,Balanced
Normal,Target,Cut (Lowered),Low Volatility,Aggressive
Economic Boom,Target,Hold (Unchanged),High Volatility,Aggressive
Normal,Low,Cut (Lowered),Low Volatility,Balanced
Economic Boom,Target,Hold (Unchanged),High Volatility,Balanced
Economic Boom,High,Hike (Raised),High Volatility,Defensive
Normal,Target,Hold (Unchanged),High Volatility,Defensive
Crisis,High,Hold (Unchanged),High Volatility,Defensive
Normal,High,Hold (Unchanged),Low Volatility,Balanced
Normal,Low,Cut (Lowered),Low Volatility,Defensive
Normal,Low,Cut (Lowered),High Volatility,Balanced
Crisis,High,Hold (Unchanged),High Volatility,Balanced
Normal,High,Cut (Lowered),Low Volatility,Defensive
Economic Boom,Low,Cut (Lowered),High Volatility,Balanced
Normal,Low,Cut (Lowered),Low Volatility,Balanced
Normal,Low,Cut (Lowered),Low Volatility,Aggressive
Normal,High,Hold (Unchanged),Low Volatility,Aggressive
Normal,Low,Cut (Lowered),Low Volatility,Balanced
Normal,Target,Hike (Raised),High Volatility,Balanced
Economic Boom,High,Hike (Raised),High Volatility,Defensive
Normal,Low,Cut (Lowered),High Volatility,Balanced
Normal,Target,Hold (Unchanged),Low Volatility,Aggressive
Crisis,Target,Cut (Lowered),Low Volatility,Aggressive
Economic Boom,High,Cut (Lowered),Low Volatility,Aggressive
Normal,Target,Hike (Raised),High Volatility,Balanced
Normal,Target,Hike (Raised),High Volatility,Balanced
Normal,Target,Cut (Lowered),High Volatility,Balanced
Normal,Low,Cut (Lowered),Low Volatility,Defensive
Normal,Low,Cut (Lowered),Low Volatility,Balanced
Normal,Target,Hold (Unchanged),Low Volatility,Aggressive
Crisis,Target,Cut (Lowered),High Volatility,Aggressive
Normal,High,Hike (Raised),High Volatility,Defensive
Economic Boom,High,Hike (Raised),High Volatility,Aggressive
Crisis,Target,Cut (Lowered),High Volatility,Balanced
Normal,Target,Hold (Unchanged),High Volatility,Defensive
Normal,Target,Hold (Unchanged),High Volatility,Defensive
Normal,High,Hold (Unchanged),High Volatility,Defensive
Economic Boom,Target,Hold (Unchanged),High Volatility,Balanced
Normal,Target,Hold (Unchanged),Low Volatility,Defensive
Normal,Target,Hold (Unchanged),Low Volatility,Aggressive
Normal,Target,Hold (Unchanged),High Volatility,Aggressive
Normal,Target,Hold (Unchanged),Low Volatility,Aggressive
Normal,Target,Hold (Unchanged),Low Volatility,Aggressive
Normal,Low,Cut (Lowered),Low Volatility,Defensive
Normal,Target,Hold (Unchanged),Low Volatility,Aggressive
Economic Boom,Low,Cut (Lowered),Low Volatility,Defensive
Normal,Low,Cut (Lowered),Low Volatility,Aggressive
Normal,Target,Hold (Unchanged),Low Volatility,Balanced
Economic Boom,Low,Cut (Lowered),High Volatility,Balanced
Normal,Target,Hold (Unchanged),High Volatility,Balanced
Crisis,Target,Cut (Lowered),High Volatility,Balanced
Normal,Target,Hike (Raised),High Volatility,Aggressive
Normal,Target,Hold (Unchanged),High Volatility,Defensive
Normal,Low,Cut (Lowered),High Volatility,Balanced
Normal,Low,Cut (Lowered),Low Volatility,Balanced
Economic Boom,High,Hold (Unchanged),High Volatility,Defensive
Normal,Target,Hold (Unchanged),Low Volatility,Aggressive
Normal,Target,Hold (Unchanged),High Volatility,Defensive
Crisis,Low,Cut (Lowered),High Volatility,Balanced
Crisis,Target,Cut (Lowered),High Volatility,Aggressive
Normal,Target,Hold (Unchanged),Low Volatility,Aggressive
Normal,Target,Hike (Raised),High Volatility,Aggressive
Economic Boom,Target,Hold (Unchanged),Low Volatility,Aggressive
Normal,Low,Cut (Lowered),High Volatility,Defensive
Crisis,Target,Hold (Unchanged),High Volatility,Defensive
Normal,High,Hike (Raised),High Volatility,Defensive
Normal,High,Cut (Lowered),Low Volatility,Balanced
Crisis,Low,Cut (Lowered),High Volatility,Balanced
Normal,Target,Cut (Lowered),Low Volatility,Aggressive
Crisis,Low,Cut (Lowered),High Volatility,Aggressive
Normal,Low,Hike (Raised),High Volatility,Balanced
Normal,Target,Hold (Unchanged),Low Volatility,Aggressive
Normal,Low,Cut (Lowered),High Volatility,Defensive
Normal,Target,Hike (Raised),High Volatility,Balanced
Economic Boom,Target,Hold (Unchanged),Low Volatility,Aggressive
Normal,Low,Cut (Lowered),High Volatility,Defensive
Normal,Low,Hike (Raised),Low Volatility,Aggressive
Crisis,High,Hold (Unchanged),High Volatility,Aggressive
Normal,Low,Hold (Unchanged),Low Volatility,Balanced
Normal,Target,Hold (Unchanged),Low Volatility,Balanced
Normal,Target,Hold (Unchanged),Low Volatility,Balanced
Normal,Target,Cut (Lowered),Low Volatility,Balanced
Economic Boom,Target,Hold (Unchanged),Low Volatility,Defensive
Normal,Low,Hike (Raised),Low Volatility,Balanced
Crisis,Low,Cut (Lowered),High Volatility,Defensive
Crisis,Low,Hold (Unchanged),High Volatility,Balanced
Economic Boom,Target,Hold (Unchanged),Low Volatility,Balanced
Normal,Target,Cut (Lowered),Low Volatility,Balanced
Normal,Target,Hold (Unchanged),Low Volatility,Aggressive
Normal,Low,Cut (Lowered),Low Volatility,Aggressive
Normal,Target,Hold (Unchanged),Low Volatility,Aggressive
Crisis,Target,Cut (Lowered),High Volatility,Balanced
Economic Boom,High,Hike (Raised),High Volatility,Defensive
Normal,Target,Hold (Unchanged),Low Volatility,Aggressive
Economic Boom,Target,Hold (Unchanged),Low Volatility,Aggressive
Normal,Target,Cut (Lowered),Low Volatility,Balanced
Normal,High,Hike (Raised),High Volatility,Balanced
Normal,High,Hold (Unchanged),High Volatility,Defensive
Normal,Target,Hold (Unchanged),Low Volatility,Aggressive
Economic Boom,Low,Cut (Lowered),Low Volatility,Defensive
Economic Boom,Target,Hold (Unchanged),Low Volatility,Aggressive
Economic Boom,Target,Cut (Lowered),Low Volatility,Aggressive
Normal,Target,Hold (Unchanged),Low Volatility,Balanced
Normal,Target,Hold (Unchanged),High Volatility,Aggressive
Normal,Low,Hike (Raised),High Volatility,Defensive
Economic Boom,Target,Hold (Unchanged),Low Volatility,Balanced
Crisis,High,Cut (Lowered),High Volatility,Defensive
Normal,Target,Cut (Lowered),Low Volatility,Aggressive
Normal,Target,Hold (Unchanged),High Volatility,Balanced
Normal,Target,Cut (Lowered),High Volatility,Balanced
Economic Boom,High,Hold (Unchanged),Low Volatility,Balanced
Normal,High,Hold (Unchanged),Low Volatility,Aggressive
Normal,Target,Hold (Unchanged),Low Volatility,Aggressive
Crisis,Target,Hold (Unchanged),Low Volatility,Balanced
Normal,High,Hold (Unchanged),Low Volatility,Balanced
Normal,Target,Cut (Lowered),High Volatility,Defensive
Normal,Target,Hold (Unchanged),High Volatility,Balanced
Economic Boom,High,Hike (Raised),High Volatility,Defensive
Economic Boom,Low,Cut (Lowered),High Volatility,Defensive
Normal,Target,Hold (Unchanged),High Volatility,Aggressive
Normal,High,Hike (Raised),Low Volatility,Balanced
Economic Boom,Target,Hike (Raised),High Volatility,Balanced
Crisis,Target,Hike (Raised),Low Volatility,Balanced
Crisis,Low,Hold (Unchanged),Low Volatility,Defensive
Normal,Target,Cut (Lowered),Low Volatility,Balanced
Normal,Target,Hold (Unchanged),Low Volatility,Aggressive
Normal,Low,Cut (Lowered),High Volatility,Aggressive
Economic Boom,Target,Hold (Unchanged),High Volatility,Balanced
Normal,Target,Hike (Raised),High Volatility,Balanced
Normal,Target,Hold (Unchanged),High Volatility,Balanced
Normal,Target,Hold (Unchanged),Low Volatility,Aggressive
Normal,High,Cut (Lowered),High Volatility,Defensive
Normal,Target,Hike (Raised),High Volatility,Aggressive
Normal,Low,Hold (Unchanged),Low Volatility,Balanced
Normal,Low,Cut (Lowered),High Volatility,Balanced
Normal,Target,Hike (Raised),High Volatility,Aggressive
Economic Boom,Target,Hold (Unchanged),Low Volatility,Aggressive
Economic Boom,Target,Cut (Lowered),Low Volatility,Balanced
Normal,Target,Hold (Unchanged),Low Volatility,Balanced
Crisis,Low,Cut (Lowered),High Volatility,Defensive
Crisis,Target,Cut (Lowered),Low Volatility,Balanced
Normal,Target,Hold (Unchanged),High Volatility,Defensive
Normal,Low,Hike (Raised),Low Volatility,Defensive
Normal,Low,Cut (Lowered),Low Volatility,Aggressive
Normal,Low,Hold (Unchanged),Low Volatility,Aggressive
Economic Boom,Low,Cut (Lowered),High Volatility,Balanced
Economic Boom,Target,Cut (Lowered),Low Volatility,Aggressive
Economic Boom,Low,Cut (Lowered),Low Volatility,Defensive
Normal,Target,Hold (Unchanged),Low Volatility,Aggressive
Normal,Low,Cut (Lowered),Low Volatility,Balanced
Normal,High,Cut (Lowered),High Volatility,Defensive
Normal,High,Hold (Unchanged),Low Volatility,Defensive
Normal,Low,Cut (Lowered),Low Volatility,Balanced
Normal,Target,Hike (Raised),High Volatility,Defensive
Normal,Low,Cut (Lowered),Low Volatility,Balanced
Economic Boom,Target,Hold (Unchanged),Low Volatility,Defensive
Crisis,Low,Cut (Lowered),Low Volatility,Defensive
Normal,Target,Hold (Unchanged),Low Volatility,Balanced
Normal,Target,Cut (Lowered),Low Volatility,Aggressive
Normal,High,Hike (Raised),High Volatility,Defensive
Normal,Low,Hold (Unchanged),High Volatility,Defensive
Normal,High,Hold (Unchanged),High Volatility,Defensive
Normal,High,Cut (Lowered),Low Volatility,Aggressive
Normal,Low,Cut (Lowered),Low Volatility,Balanced
Normal,Target,Hold (Unchanged),Low Volatility,Aggressive
Crisis,Low,Cut (Lowered),High Volatility,Balanced
Normal,Target,Hold (Unchanged),Low Volatility,Balanced
Economic Boom,Target,Hike (Raised),High Volatility,Balanced
Normal,Target,Hold (Unchanged),Low Volatility,Aggressive
Normal,Target,Hike (Raised),High Volatility,Balanced
Normal,High,Hike (Raised),High Volatility,Defensive
Economic Boom,Low,Hike (Raised),High Volatility,Defensive
Economic Boom,High,Hike (Raised),High Volatility,Defensive
Normal,Low,Cut (Lowered),High Volatility,Balanced
Normal,High,Hold (Unchanged),High Volatility,Defensive
Economic Boom,Target,Hold (Unchanged),High Volatility,Balanced
Normal,Low,Hike (Raised),High Volatility,Balanced
Normal,High,Cut (Lowered),Low Volatility,Defensive
Crisis,Target,Cut (Lowered),Low Volatility,Aggressive
Economic Boom,Target,Hold (Unchanged),Low Volatility,Aggressive
Economic Boom,Target,Hold (Unchanged),High Volatility,Defensive
Crisis,Target,Cut (Lowered),High Volatility,Aggressive
Normal,Target,Hold (Unchanged),Low Volatility,Aggressive
Normal,Target,Cut (Lowered),High Volatility,Balanced
Crisis,Low,Hold (Unchanged),High Volatility,Defensive
Economic Boom,Target,Hold (Unchanged),Low Volatility,Aggressive
Normal,High,Hold (Unchanged),Low Volatility,Defensive
Crisis,Low,Cut (Lowered),High Volatility,Balanced
Normal,Low,Cut (Lowered),Low Volatility,Balanced
Normal,Target,Hold (Unchanged),High Volatility,Balanced
Crisis,Target,Hold (Unchanged),Low Volatility,Balanced
Normal,Target,Hike (Raised),High Volatility,Aggressive
Normal,Low,Hike (Raised),High Volatility,Balanced
Crisis,Target,Cut (Lowered),High Volatility,Balanced
Normal,Low,Hike (Raised),High Volatility,Balanced
Normal,Target,Hike (Raised),High Volatility,Balanced
Normal,High,Hike (Raised),High Volatility,Defensive
Economic Boom,Target,Cut (Lowered),High Volatility,Balanced
Economic Boom,Target,Hike (Raised),High Volatility,Balanced
Economic Boom,High,Hike (Raised),High Volatility,Defensive
Normal,Target,Hold (Unchanged),Low Volatility,Balanced
Economic Boom,High,Hold (Unchanged),High Volatility,Defensive
Normal,Target,Hold (Unchanged),High Volatility,Balanced
Normal,High,Hold (Unchanged),Low Volatility,Defensive
Crisis,Low,Cut (Lowered),Low Volatility,Balanced
Crisis,Low,Cut (Lowered),High Volatility,Defensive
Normal,Low,Hold (Unchanged),Low Volatility,Balanced
Normal,Target,Cut (Lowered),High Volatility,Balanced
Normal,High,Hold (Unchanged),Low Volatility,Balanced
Normal,Target,Cut (Lowered),Low Volatility,Aggressive
Normal,Target,Hold (Unchanged),Low Volatility,Balanced
Normal,Target,Hold (Unchanged),Low Volatility,Aggressive
Normal,Target,Hold (Unchanged),Low Volatility,Balanced
Economic Boom,Target,Hold (Unchanged),Low Volatility,Balanced
Economic Boom,Target,Hold (Unchanged),Low Volatility,Aggressive
Normal,Target,Cut (Lowered),Low Volatility,Aggressive
Normal,Low,Cut (Lowered),High Volatility,Balanced
Normal,High,Hold (Unchanged),Low Volatility,Balanced
Economic Boom,Low,Hike (Raised),High Volatility,Aggressive
Normal,Low,Cut (Lowered),High Volatility,Balanced
Normal,High,Hold (Unchanged),Low Volatility,Defensive
Crisis,Target,Cut (Lowered),High Volatility,Aggressive
Normal,Target,Hold (Unchanged),Low Volatility,Aggressive
Normal,Target,Cut (Lowered),High Volatility,Balanced
Economic Boom,Target,Cut (Lowered),High Volatility,Balanced
Normal,Target,Hold (Unchanged),Low Volatility,Aggressive
Normal,Target,Hold (Unchanged),High Volatility,Balanced
Economic Boom,Target,Cut (Lowered),Low Volatility,Defensive
Economic Boom,Target,Hold (Unchanged),Low Volatility,Aggressive
Normal,Target,Hike (Raised),High Volatility,Defensive
Normal,High,Hold (Unchanged),Low Volatility,Defensive
Normal,Low,Cut (Lowered),High Volatility,Balanced
Economic Boom,Target,Hike (Raised),Low Volatility,Balanced
Crisis,Target,Hold (Unchanged),High Volatility,Balanced
Economic Boom,High,Hike (Raised),High Volatility,Balanced
Normal,Low,Hold (Unchanged),Low Volatility,Balanced
Normal,Target,Cut (Lowered),High Volatility,Aggressive
Crisis,High,Cut (Lowered),High Volatility,Defensive
Normal,Low,Cut (Lowered),High Volatility,Aggressive
Normal,High,Cut (Lowered),Low Volatility,Aggressive
Normal,Low,Cut (Lowered),Low Volatility,Balanced
Normal,Target,Cut (Lowered),High Volatility,Defensive
Economic Boom,High,Hike (Raised),High Volatility,Defensive
Normal,Target,Hold (Unchanged),Low Volatility,Aggressive
Normal,Target,Hold (Unchanged),High Volatility,Aggressive
Crisis,Low,Cut (Lowered),High Volatility,Balanced
Normal,High,Cut (Lowered),High Volatility,Defensive
Crisis,Target,Cut (Lowered),Low Volatility,Balanced
Normal,Low,Hike (Raised),Low Volatility,Balanced
Economic Boom,Target,Cut (Lowered),Low Volatility,Aggressive
Normal,Target,Hold (Unchanged),Low Volatility,Balanced
Crisis,Low,Hold (Unchanged),High Volatility,Aggressive
Normal,Low,Cut (Lowered),Low Volatility,Aggressive
Normal,Low,Hold (Unchanged),High Volatility,Aggressive
Normal,Target,Hold (Unchanged),Low Volatility,Balanced
Economic Boom,Target,Hold (Unchanged),Low Volatility,Balanced
Economic Boom,Target,Hold (Unchanged),Low Volatility,Defensive
Normal,High,Hold (Unchanged),Low Volatility,Balanced
Normal,High,Hold (Unchanged),Low Volatility,Balanced
Normal,Target,Hike (Raised),Low Volatility,Balanced
Crisis,Low,Hold (Unchanged),High Volatility,Balanced
Normal,Target,Hold (Unchanged),Low Volatility,Balanced
Normal,Target,Hold (Unchanged),Low Volatility,Balanced
Normal,Target,Hold (Unchanged),High Volatility,Balanced
Normal,Target,Hold (Unchanged),Low Volatility,Defensive
Crisis,Target,Cut (Lowered),High Volatility,Defensive
Normal,High,Hold (Unchanged),Low Volatility,Balanced
Normal,Low,Cut (Lowered),Low Volatility,Aggressive
Normal,Target,Hold (Unchanged),Low Volatility,Aggressive
Economic Boom,Low,Hold (Unchanged),Low Volatility,Balanced
Crisis,High,Cut (Lowered),High Volatility,Defensive
Normal,Low,Cut (Lowered),High Volatility,Balanced
Normal,Low,Cut (Lowered),Low Volatility,Balanced
Economic Boom,Target,Hold (Unchanged),High Volatility,Balanced
Normal,Target,Hold (Unchanged),Low Volatility,Aggressive
Normal,Low,Hike (Raised),Low Volatility,Balanced
Normal,Target,Hold (Unchanged),Low Volatility,Aggressive
Normal,Target,Hold (Unchanged),Low Volatility,Aggressive
Economic Boom,Low,Cut (Lowered),Low Volatility,Balanced
Normal,Target,Cut (Lowered),Low Volatility,Aggressive
Economic Boom,High,Hike (Raised),High Volatility,Defensive
Economic Boom,Target,Hike (Raised),High Volatility,Aggressive
Economic Boom,Target,Hold (Unchanged),Low Volatility,Balanced
Normal,Target,Cut (Lowered),Low Volatility,Balanced
Normal,Target,Hold (Unchanged),High Volatility,Balanced
Normal,Low,Cut (Lowered),Low Volatility,Balanced
Normal,Target,Hold (Unchanged),Low Volatility,Aggressive
Normal,High,Hike (Raised),High Volatility,Defensive
Normal,High,Hold (Unchanged),Low Volatility,Balanced
Normal,Target,Hike (Raised),High Volatility,Balanced
Normal,Low,Cut (Lowered),Low Volatility,Defensive
Economic Boom,Low,Cut (Lowered),Low Volatility,Balanced
Crisis,Target,Cut (Lowered),High Volatility,Balanced
Economic Boom,Target,Cut (Lowered),Low Volatility,Aggressive
Normal,Low,Hike (Raised),Low Volatility,Balanced
Economic Boom,High,Hold (Unchanged),Low Volatility,Aggressive
Normal,Target,Hold (Unchanged),Low Volatility,Aggressive
Normal,High,Hike (Raised),High Volatility,Balanced
Economic Boom,High,Hike (Raised),High Volatility,Defensive
Normal,High,Hike (Raised),High Volatility,Defensive
Economic Boom,Target,Hold (Unchanged),Low Volatility,Balanced
Normal,Target,Hold (Unchanged),Low Volatility,Balanced
Normal,Target,Hike (Raised),High Volatility,Balanced
Normal,Target,Cut (Lowered),High Volatility,Balanced
Normal,Target,Hike (Raised),High Volatility,Balanced
Normal,High,Hold (Unchanged),Low Volatility,Balanced
Crisis,Target,Hold (Unchanged),High Volatility,Aggressive
Normal,High,Cut (Lowered),Low Volatility,Aggressive
Crisis,High,Cut (Lowered),High Volatility,Defensive
Economic Boom,Low,Hold (Unchanged),Low Volatility,Balanced
Economic Boom,Low,Cut (Lowered),Low Volatility,Defensive
Normal,Target,Hold (Unchanged),Low Volatility,Balanced
Normal,Target,Hike (Raised),High Volatility,Balanced
Normal,High,Hold (Unchanged),High Volatility,Defensive
Normal,Target,Hike (Raised),High Volatility,Defensive
Economic Boom,Target,Hold (Unchanged),High Volatility,Balanced
Economic Boom,Target,Cut (Lowered),Low Volatility,Aggressive
Normal,Low,Cut (Lowered),Low Volatility,Defensive
Normal,Target,Hold (Unchanged),Low Volatility,Balanced
Normal,High,Cut (Lowered),Low Volatility,Aggressive
Economic Boom,Low,Cut (Lowered),Low Volatility,Balanced
Crisis,Target,Cut (Lowered),High Volatility,Balanced
Normal,Target,Cut (Lowered),Low Volatility,Balanced
Normal,Low,Cut (Lowered),Low Volatility,Defensive
Normal,Low,Hold (Unchanged),Low Volatility,Defensive
Crisis,High,Cut (Lowered),High Volatility,Balanced
Economic Boom,Target,Hold (Unchanged),Low Volatility,Defensive
Normal,Low,Hold (Unchanged),High Volatility,Defensive
Normal,Low,Cut (Lowered),Low Volatility,Defensive
Normal,Target,Hike (Raised),High Volatility,Balanced
Normal,Target,Hold (Unchanged),Low Volatility,Defensive
Normal,Target,Cut (Lowered),High Volatility,Balanced
Normal,Low,Cut (Lowered),Low Volatility,Balanced
Normal,High,Hold (Unchanged),High Volatility,Defensive
Normal,Target,Hold (Unchanged),Low Volatility,Balanced
Normal,Target,Hike (Raised),High Volatility,Defensive
Normal,Target,Cut (Lowered),Low Volatility,Aggressive
Economic Boom,Target,Hold (Unchanged),Low Volatility,Aggressive
Crisis,High,Cut (Lowered),High Volatility,Defensive
Normal,High,Hold (Unchanged),High Volatility,Defensive
Crisis,Target,Cut (Lowered),High Volatility,Defensive
Crisis,High,Hike (Raised),High Volatility,Defensive
Normal,High,Cut (Lowered),Low Volatility,Balanced
Normal,High,Hold (Unchanged),Low Volatility,Balanced
Normal,Low,Cut (Lowered),Low Volatility,Balanced
Normal,Target,Hike (Raised),High Volatility,Aggressive
Crisis,Target,Hike (Raised),High Volatility,Aggressive
Economic Boom,High,Hike (Raised),Low Volatility,Balanced
Economic Boom,Low,Hike (Raised),High Volatility,Balanced
Crisis,Target,Hold (Unchanged),High Volatility,Balanced
Normal,Target,Hike (Raised),High Volatility,Balanced
Economic Boom,Target,Hold (Unchanged),High Volatility,Balanced
Economic Boom,Target,Cut (Lowered),Low Volatility,Aggressive
Normal,High,Hold (Unchanged),High Volatility,Defensive
Crisis,Target,Cut (Lowered),High Volatility,Balanced
Crisis,High,Cut (Lowered),High Volatility,Defensive
Normal,Target,Hold (Unchanged),Low Volatility,Aggressive
Normal,Target,Hold (Unchanged),Low Volatility,Balanced
Crisis,Target,Hike (Raised),High Volatility,Balanced
Normal,Low,Cut (Lowered),Low Volatility,Defensive
Crisis,Target,Hold (Unchanged),High Volatility,Aggressive
Normal,Target,Hold (Unchanged),Low Volatility,Aggressive
Normal,Target,Hike (Raised),Low Volatility,Balanced
Crisis,Target,Hike (Raised),High Volatility,Defensive
Normal,Target,Hold (Unchanged),Low Volatility,Aggressive
Normal,Low,Cut (Lowered),Low Volatility,Defensive
Economic Boom,Low,Cut (Lowered),Low Volatility,Aggressive
Normal,Target,Hold (Unchanged),Low Volatility,Aggressive
Normal,Target,Hold (Unchanged),Low Volatility,Balanced
Normal,Low,Hold (Unchanged),Low Volatility,Balanced
Normal,Target,Hold (Unchanged),Low Volatility,Balanced
Economic Boom,Target,Cut (Lowered),High Volatility,Aggressive
Normal,Target,Hold (Unchanged),Low Volatility,Balanced
Normal,Target,Hold (Unchanged),Low Volatility,Aggressive
Crisis,Target,Cut (Lowered),High Volatility,Balanced
Normal,Target,Hold (Unchanged),Low Volatility,Aggressive
Economic Boom,High,Hold (Unchanged),High Volatility,Defensive
Economic Boom,Target,Hike (Raised),High Volatility,Balanced
Normal,Target,Hold (Unchanged),Low Volatility,Aggressive
Normal,Target,Hold (Unchanged),Low Volatility,Aggressive
Economic Boom,Low,Hike (Raised),High Volatility,Defensive
Economic Boom,Target,Hold (Unchanged),Low Volatility,Balanced
Crisis,Target,Cut (Lowered),High Volatility,Defensive
Normal,High,Hold (Unchanged),Low Volatility,Balanced
Normal,High,Cut (Lowered),Low Volatility,Balanced
Economic Boom,Target,Cut (Lowered),Low Volatility,Balanced
Crisis,Target,Cut (Lowered),High Volatility,Defensive
Normal,Low,Cut (Lowered),Low Volatility,Balanced
Normal,Target,Cut (Lowered),High Volatility,Defensive
Crisis,Target,Cut (Lowered),High Volatility,Aggressive
Normal,Target,Hike (Raised),High Volatility,Defensive
Normal,Target,Hold (Unchanged),Low Volatility,Aggressive
Normal,Low,Hike (Raised),High Volatility,Balanced
Normal,High,Hold (Unchanged),Low Volatility,Balanced
Normal,Low,Cut (Lowered),Low Volatility,Defensive
Normal,High,Hold (Unchanged),High Volatility,Defensive
Normal,High,Cut (Lowered),Low Volatility,Balanced
Economic Boom,Target,Cut (Lowered),Low Volatility,Aggressive
Normal,Target,Hold (Unchanged),Low Volatility,Defensive
Normal,Target,Hold (Unchanged),Low Volatility,Aggressive
Crisis,Target,Hold (Unchanged),High Volatility,Aggressive
Normal,Target,Hike (Raised),High Volatility,Balanced
Normal,Target,Hold (Unchanged),Low Volatility,Aggressive
Normal,Target,Hold (Unchanged),Low Volatility,Aggressive
Normal,Target,Hold (Unchanged),Low Volatility,Balanced
Crisis,Target,Hike (Raised),Low Volatility,Defensive
Crisis,Target,Hold (Unchanged),High Volatility,Balanced
Normal,Target,Hike (Raised),High Volatility,Aggressive
Normal,Low,Cut (Lowered),Low Volatility,Defensive
Normal,Low,Hold (Unchanged),Low Volatility,Balanced
Normal,Target,Hold (Unchanged),Low Volatility,Aggressive
Normal,Low,Cut (Lowered),Low Volatility,Defensive
Economic Boom,Low,Hike (Raised),Low Volatility,Defensive
Economic Boom,High,Cut (Lowered),Low Volatility,Balanced
Normal,Low,Hike (Raised),High Volatility,Defensive
Normal,Target,Cut (Lowered),Low Volatility,Balanced
Normal,Target,Hike (Raised),Low Volatility,Balanced
Normal,High,Hold (Unchanged),High Volatility,Defensive
Normal,Target,Hold (Unchanged),Low Volatility,Aggressive
Economic Boom,Target,Hold (Unchanged),High Volatility,Balanced
Normal,Target,Hold (Unchanged),Low Volatility,Aggressive
Economic Boom,Target,Hold (Unchanged),Low Volatility,Aggressive
Normal,Target,Hold (Unchanged),Low Volatility,Aggressive
Normal,Low,Cut (Lowered),Low Volatility,Defensive
Normal,High,Cut (Lowered),Low Volatility,Defensive
Normal,Target,Cut (Lowered),Low Volatility,Aggressive
Normal,Target,Hold (Unchanged),High Volatility,Aggressive
Normal,Target,Hike (Raised),High Volatility,Defensive
Crisis,Target,Hold (Unchanged),High Volatility,Defensive
Economic Boom,High,Hike (Raised),High Volatility,Defensive
Normal,Target,Hold (Unchanged),Low Volatility,Defensive
Economic Boom,Target,Hold (Unchanged),Low Volatility,Aggressive
Economic Boom,Low,Cut (Lowered),Low Volatility,Defensive
Normal,High,Hold (Unchanged),Low Volatility,Defensive
Normal,Target,Hold (Unchanged),High Volatility,Balanced
Normal,Low,Cut (Lowered),Low Volatility,Aggressive
Economic Boom,Low,Cut (Lowered),Low Volatility,Balanced
Normal,Target,Cut (Lowered),Low Volatility,Balanced
Normal,High,Hold (Unchanged),Low Volatility,Aggressive
Normal,Target,Cut (Lowered),Low Volatility,Aggressive
Normal,Target,Cut (Lowered),Low Volatility,Balanced
Normal,Low,Cut (Lowered),Low Volatility,Balanced
Normal,Target,Cut (Lowered),Low Volatility,Balanced
Normal,Target,Cut (Lowered),Low Volatility,Aggressive
Economic Boom,High,Hike (Raised),High Volatility,Defensive
Normal,Target,Cut (Lowered),Low Volatility,Balanced
Economic Boom,High,Hike (Raised),Low Volatility,Defensive
Normal,Target,Hold (Unchanged),Low Volatility,Balanced
Economic Boom,Low,Cut (Lowered),High Volatility,Balanced
Normal,Target,Hold (Unchanged),High Volatility,Defensive
Normal,Target,Hold (Unchanged),Low Volatility,Balanced
Crisis,High,Hold (Unchanged),High Volatility,Balanced
Economic Boom,High,Hike (Raised),High Volatility,Defensive
Crisis,Low,Hold (Unchanged),Low Volatility,Defensive
Economic Boom,Low,Cut (Lowered),Low Volatility,Balanced
Economic Boom,Low,Hike (Raised),High Volatility,Defensive
Normal,High,Hold (Unchanged),Low Volatility,Balanced
Normal,High,Hike (Raised),High Volatility,Defensive
Normal,High,Hold (Unchanged),High Volatility,Defensive
Normal,Target,Hold (Unchanged),Low Volatility,Aggressive
Economic Boom,Target,Hold (Unchanged),Low Volatility,Defensive
Crisis,Target,Hold (Unchanged),Low Volatility,Aggressive
Crisis,Target,Hike (Raised),Low Volatility,Balanced
Economic Boom,Target,Hold (Unchanged),Low Volatility,Balanced
Normal,Low,Hold (Unchanged),Low Volatility,Aggressive
Economic Boom,Low,Cut (Lowered),Low Volatility,Balanced
Normal,High,Hold (Unchanged),Low Volatility,Aggressive
Normal,High,Cut (Lowered),Low Volatility,Defensive
Normal,Target,Hold (Unchanged),Low Volatility,Aggressive
Normal,Target,Hike (Raised),High Volatility,Defensive
Normal,Target,Cut (Lowered),Low Volatility,Aggressive
Normal,Target,Hold (Unchanged),Low Volatility,Defensive
Normal,High,Hold (Unchanged),High Volatility,Defensive
Normal,High,Cut (Lowered),Low Volatility,Defensive
Normal,Target,Hold (Unchanged),Low Volatility,Aggressive
Normal,Low,Cut (Lowered),High Volatility,Defensive
Normal,Target,Cut (Lowered),Low Volatility,Aggressive
Normal,Target,Hike (Raised),High Volatility,Defensive
Normal,Target,Hike (Raised),High Volatility,Defensive
Normal,High,Hold (Unchanged),High Volatility,Defensive
Normal,Target,Cut (Lowered),High Volatility,Aggressive
Crisis,Low,Cut (Lowered),High Volatility,Defensive
Crisis,Target,Hold (Unchanged),Low Volatility,Balanced
Normal,High,Hold (Unchanged),High Volatility,Defensive
Economic Boom,Low,Cut (Lowered),High Volatility,Balanced
Crisis,Target,Cut (Lowered),High Volatility,Balanced
Normal,Target,Hike (Raised),Low Volatility,Balanced
Normal,Low,Cut (Lowered),High Volatility,Balanced
Normal,Target,Hold (Unchanged),Low Volatility,Balanced
Economic Boom,Target,Hike (Raised),High Volatility,Balanced
Normal,Target,Hold (Unchanged),Low Volatility,Aggressive
Normal,High,Hold (Unchanged),Low Volatility,Balanced
Crisis,Target,Cut (Lowered),High Volatility,Balanced
Crisis,Low,Hike (Raised),High Volatility,Aggressive
Normal,High,Hold (Unchanged),Low Volatility,Defensive
Crisis,Target,Hold (Unchanged),High Volatility,Defensive
Normal,Target,Hold (Unchanged),High Volatility,Balanced
Normal,High,Hold (Unchanged),Low Volatility,Balanced
Normal,Target,Hold (Unchanged),Low Volatility,Defensive
Normal,Target,Hold (Unchanged),Low Volatility,Aggressive
Normal,Low,Hold (Unchanged),Low Volatility,Balanced
Normal,Target,Hold (Unchanged),Low Volatility,Aggressive
Economic Boom,Low,Cut (Lowered),Low Volatility,Aggressive
Crisis,High,Cut (Lowered),Low Volatility,Balanced
Economic Boom,Low,Hold (Unchanged),High Volatility,Defensive
Normal,Target,Cut (Lowered),Low Volatility,Aggressive
Normal,High,Hike (Raised),High Volatility,Defensive
Normal,Target,Hold (Unchanged),Low Volatility,Balanced
Crisis,Target,Cut (Lowered),High Volatility,Balanced
Crisis,Target,Cut (Lowered),High Volatility,Aggressive
Normal,Target,Hold (Unchanged),Low Volatility,Balanced
Normal,Target,Hold (Unchanged),Low Volatility,Balanced
Economic Boom,Target,Hold (Unchanged),Low Volatility,Balanced
Normal,High,Cut (Lowered),Low Volatility,Balanced
Crisis,High,Hike (Raised),High Volatility,Balanced
Normal,High,Cut (Lowered),High Volatility,Defensive
Normal,High,Hold (Unchanged),Low Volatility,Balanced
Normal,Target,Hold (Unchanged),Low Volatility,Aggressive
Normal,Target,Hold (Unchanged),Low Volatility,Aggressive
Economic Boom,High,Hike (Raised),High Volatility,Defensive
Normal,Target,Hold (Unchanged),High Volatility,Defensive
Normal,High,Hold (Unchanged),Low Volatility,Balanced
Normal,Target,Hold (Unchanged),High Volatility,Balanced
Economic Boom,Target,Cut (Lowered),Low Volatility,Defensive
Normal,Target,Hold (Unchanged),High Volatility,Balanced
Crisis,High,Cut (Lowered),High Volatility,Aggressive
Normal,Low,Cut (Lowered),Low Volatility,Balanced
Normal,Target,Hold (Unchanged),Low Volatility,Aggressive
Normal,Target,Hold (Unchanged),Low Volatility,Defensive
Normal,Target,Hold (Unchanged),Low Volatility,Aggressive
Normal,High,Hold (Unchanged),Low Volatility,Defensive
Crisis,Target,Cut (Lowered),High Volatility,Defensive
Normal,Target,Hold (Unchanged),Low Volatility,Aggressive
Normal,Target,Cut (Lowered),Low Volatility,Aggressive
Normal,Target,Hold (Unchanged),High Volatility,Balanced
Normal,Target,Hold (Unchanged),High Volatility,Balanced
Normal,Target,Hold (Unchanged),High Volatility,Balanced
Crisis,Low,Hold (Unchanged),High Volatility,Aggressive
Crisis,High,Cut (Lowered),High Volatility,Defensive
Economic Boom,Target,Hold (Unchanged),Low Volatility,Balanced
Economic Boom,Target,Hold (Unchanged),Low Volatility,Balanced
Normal,Target,Hold (Unchanged),Low Volatility,Balanced
Crisis,Target,Cut (Lowered),High Volatility,Balanced
Normal,Target,Hold (Unchanged),High Volatility,Defensive
Normal,Target,Cut (Lowered),Low Volatility,Balanced
Normal,Target,Cut (Lowered),High Volatility,Defensive
Crisis,Target,Cut (Lowered),High Volatility,Balanced
Crisis,Target,Hold (Unchanged),High Volatility,Defensive
Normal,Low,Cut (Lowered),Low Volatility,Defensive
Normal,Target,Cut (Lowered),Low Volatility,Aggressive
Normal,Low,Hold (Unchanged),High Volatility,Balanced
Crisis,Low,Hold (Unchanged),High Volatility,Balanced
Normal,High,Hike (Raised),High Volatility,Defensive
Economic Boom,Target,Hold (Unchanged),Low Volatility,Defensive
Economic Boom,Target,Hike (Raised),Low Volatility,Aggressive
Normal,Target,Cut (Lowered),Low Volatility,Balanced
Normal,High,Cut (Lowered),Low Volatility,Aggressive
Crisis,Target,Cut (Lowered),High Volatility,Aggressive
Normal,High,Hold (Unchanged),Low Volatility,Balanced
Normal,Target,Cut (Lowered),Low Volatility,Defensive
Normal,High,Hold (Unchanged),High Volatility,Defensive
Normal,High,Hold (Unchanged),High Volatility,Defensive
Normal,High,Hold (Unchanged),Low Volatility,Aggressive
Crisis,Low,Hold (Unchanged),High Volatility,Balanced
Normal,Target,Cut (Lowered),Low Volatility,Aggressive
Crisis,Target,Cut (Lowered),High Volatility,Balanced
Normal,Target,Hold (Unchanged),Low Volatility,Aggressive
Economic Boom,High,Cut (Lowered),High Volatility,Defensive
Normal,Low,Cut (Lowered),Low Volatility,Balanced
Normal,Low,Hold (Unchanged),Low Volatility,Balanced
Economic Boom,Target,Hike (Raised),Low Volatility,Aggressive
Economic Boom,Low,Hold (Unchanged),Low Volatility,Aggressive
Normal,Low,Cut (Lowered),Low Volatility,Balanced
Economic Boom,High,Hike (Raised),Low Volatility,Aggressive
Normal,Target,Cut (Lowered),Low Volatility,Aggressive
Normal,Low,Cut (Lowered),Low Volatility,Balanced
Normal,Target,Cut (Lowered),High Volatility,Balanced
Normal,Target,Hold (Unchanged),Low Volatility,Aggressive
Normal,Low,Hold (Unchanged),High Volatility,Balanced
Normal,Target,Hold (Unchanged),High Volatility,Defensive
Crisis,Target,Cut (Lowered),High Volatility,Balanced
Normal,Target,Hold (Unchanged),High Volatility,Aggressive
Crisis,Target,Cut (Lowered),High Volatility,Defensive
Normal,Low,Hike (Raised),High Volatility,Balanced
Normal,High,Hold (Unchanged),Low Volatility,Aggressive
Normal,High,Hold (Unchanged),Low Volatility,Balanced
Normal,High,Hold (Unchanged),Low Volatility,Balanced
Economic Boom,Low,Cut (Lowered),High Volatility,Balanced
Normal,High,Hold (Unchanged),Low Volatility,Balanced
Normal,High,Hike (Raised),High Volatility,Defensive
Normal,High,Cut (Lowered),Low Volatility,Aggressive
Normal,Low,Cut (Lowered),High Volatility,Balanced
Crisis,Target,Cut (Lowered),Low Volatility,Aggressive
Normal,High,Hold (Unchanged),Low Volatility,Balanced
Normal,Target,Hold (Unchanged),Low Volatility,Defensive
Normal,Target,Hold (Unchanged),Low Volatility,Aggressive
Economic Boom,High,Hike (Raised),Low Volatility,Balanced
Normal,Target,Hike (Raised),High Volatility,Defensive
Crisis,Target,Hold (Unchanged),High Volatility,Aggressive
Economic Boom,Target,Hike (Raised),Low Volatility,Aggressive
Crisis,High,Hold (Unchanged),High Volatility,Defensive
Normal,Low,Cut (Lowered),High Volatility,Balanced
Normal,Target,Hold (Unchanged),High Volatility,Defensive
Normal,Target,Hike (Raised),High Volatility,Balanced
Crisis,High,Hike (Raised),High Volatility,Defensive
Crisis,Target,Cut (Lowered),High Volatility,Balanced
Crisis,High,Cut (Lowered),Low Volatility,Balanced
Normal,High,Hike (Raised),High Volatility,Balanced
Normal,Low,Cut (Lowered),Low Volatility,Balanced
Normal,Target,Hike (Raised),High Volatility,Defensive
Normal,Low,Cut (Lowered),Low Volatility,Aggressive
Economic Boom,Target,Cut (Lowered),Low Volatility,Aggressive
Crisis,Target,Cut (Lowered),High Volatility,Balanced
Normal,High,Cut (Lowered),Low Volatility,Defensive
Normal,High,Hold (Unchanged),Low Volatility,Aggressive
Normal,Low,Cut (Lowered),Low Volatility,Aggressive
Normal,Low,Hold (Unchanged),Low Volatility,Balanced
Normal,Target,Hike (Raised),High Volatility,Aggressive
Economic Boom,Target,Hold (Unchanged),High Volatility,Balanced
Economic Boom,Target,Hold (Unchanged),High Volatility,Aggressive
Normal,High,Hold (Unchanged),Low Volatility,Balanced
Normal,High,Hold (Unchanged),Low Volatility,Defensive
Normal,Target,Hold (Unchanged),Low Volatility,Aggressive
Normal,High,Cut (Lowered),Low Volatility,Balanced
Normal,Target,Cut (Lowered),Low Volatility,Balanced
Normal,Target,Cut (Lowered),Low Volatility,Defensive
Normal,Target,Cut (Lowered),Low Volatility,Balanced
Normal,Low,Hold (Unchanged),Low Volatility,Balanced
Normal,High,Hold (Unchanged),Low Volatility,Defensive
Economic Boom,Target,Hike (Raised),High Volatility,Defensive
Crisis,Target,Hike (Raised),High Volatility,Balanced
Normal,Target,Hike (Raised),High Volatility,Aggressive
Crisis,Low,Hike (Raised),High Volatility,Balanced
Normal,Low,Cut (Lowered),Low Volatility,Balanced
Normal,Target,Hold (Unchanged),High Volatility,Aggressive
Normal,Target,Cut (Lowered),High Volatility,Balanced
Normal,Target,Hike (Raised),High Volatility,Balanced
Normal,Target,Hike (Raised),Low Volatility,Aggressive
Normal,Target,Hike (Raised),High Volatility,Balanced
Normal,Target,Hold (Unchanged),Low Volatility,Balanced
Normal,Target,Hold (Unchanged),High Volatility,Balanced
Economic Boom,High,Hold (Unchanged),High Volatility,Defensive
Normal,Target,Cut (Lowered),High Volatility,Balanced
Crisis,Target,Hold (Unchanged),Low Volatility,Aggressive
Normal,Low,Cut (Lowered),High Volatility,Balanced
Economic Boom,Target,Hike (Raised),High Volatility,Balanced
Normal,Low,Cut (Lowered),High Volatility,Balanced
Crisis,Target,Hold (Unchanged),High Volatility,Aggressive
Normal,Low,Cut (Lowered),Low Volatility,Balanced
Normal,Target,Hike (Raised),High Volatility,Aggressive
Normal,High,Hike (Raised),Low Volatility,Aggressive
Normal,Target,Hike (Raised),High Volatility,Balanced
Economic Boom,Low,Cut (Lowered),High Volatility,Balanced
Normal,Low,Hike (Raised),Low Volatility,Defensive
Normal,High,Cut (Lowered),Low Volatility,Aggressive
Normal,Low,Cut (Lowered),Low Volatility,Defensive
Crisis,Target,Cut (Lowered),High Volatility,Balanced
Economic Boom,Target,Hike (Raised),High Volatility,Balanced
Normal,Target,Hold (Unchanged),Low Volatility,Aggressive
Normal,Target,Hike (Raised),Low Volatility,Aggressive
Normal,High,Hold (Unchanged),High Volatility,Balanced
Normal,Low,Cut (Lowered),High Volatility,Balanced
Normal,Target,Hike (Raised),Low Volatility,Aggressive
Crisis,Target,Cut (Lowered),High Volatility,Balanced
Economic Boom,Low,Hold (Unchanged),Low Volatility,Defensive
Economic Boom,Target,Hold (Unchanged),High Volatility,Defensive
Normal,Target,Hold (Unchanged),Low Volatility,Aggressive
Economic Boom,Target,Hold (Unchanged),High Volatility,Defensive
Normal,Target,Cut (Lowered),Low Volatility,Aggressive
Normal,Target,Hold (Unchanged),Low Volatility,Balanced
Normal,Target,Cut (Lowered),Low Volatility,Aggressive
Normal,Target,Hold (Unchanged),Low Volatility,Aggressive
Normal,Target,Cut (Lowered),High Volatility,Balanced
Normal,Target,Hold (Unchanged),Low Volatility,Balanced
Crisis,Low,Hold (Unchanged),Low Volatility,Defensive
Normal,Low,Cut (Lowered),Low Volatility,Balanced
Normal,Target,Hike (Raised),High Volatility,Defensive
Normal,High,Hold (Unchanged),High Volatility,Defensive
Normal,Target,Hold (Unchanged),Low Volatility,Aggressive
Crisis,Low,Cut (Lowered),High Volatility,Defensive
Normal,High,Hold (Unchanged),Low Volatility,Balanced
Normal,Target,Hold (Unchanged),High Volatility,Balanced
Economic Boom,Target,Cut (Lowered),Low Volatility,Balanced
Normal,High,Hike (Raised),High Volatility,Defensive
Normal,Target,Hold (Unchanged),High Volatility,Balanced
Economic Boom,Low,Cut (Lowered),Low Volatility,Balanced
Normal,Target,Hold (Unchanged),Low Volatility,Aggressive
Crisis,Target,Cut (Lowered),High Volatility,Defensive
Normal,Target,Hold (Unchanged),High Volatility,Balanced
Economic Boom,Target,Cut (Lowered),High Volatility,Balanced
Normal,High,Hold (Unchanged),High Volatility,Defensive
Normal,High,Hold (Unchanged),Low Volatility,Balanced
Crisis,High,Hold (Unchanged),High Volatility,Defensive
Normal,High,Cut (Lowered),Low Volatility,Balanced
Normal,High,Hold (Unchanged),Low Volatility,Balanced
Normal,Low,Hold (Unchanged),High Volatility,Aggressive
Crisis,Target,Cut (Lowered),High Volatility,Aggressive
Economic Boom,Target,Hold (Unchanged),Low Volatility,Aggressive
Normal,High,Cut (Lowered),High Volatility,Balanced
Normal,Target,Cut (Lowered),Low Volatility,Defensive
Economic Boom,Target,Hold (Unchanged),Low Volatility,Aggressive
Crisis,Low,Cut (Lowered),High Volatility,Defensive
Normal,Target,Cut (Lowered),Low Volatility,Defensive
Normal,Target,Cut (Lowered),Low Volatility,Aggressive
Economic Boom,Low,Cut (Lowered),High Volatility,Balanced
Normal,Target,Hold (Unchanged),Low Volatility,Aggressive
Normal,Target,Hold (Unchanged),High Volatility,Balanced
Economic Boom,Target,Hold (Unchanged),Low Volatility,Aggressive
Crisis,Target,Cut (Lowered),High Volatility,Balanced
Economic Boom,Target,Hold (Unchanged),Low Volatility,Balanced
Economic Boom,Target,Hold (Unchanged),Low Volatility,Balanced
Normal,Low,Hold (Unchanged),High Volatility,Balanced
Normal,High,Cut (Lowered),Low Volatility,Balanced
Crisis,Target,Cut (Lowered),High Volatility,Defensive
Normal,Target,Hike (Raised),High Volatility,Defensive
Normal,Target,Cut (Lowered),High Volatility,Balanced
Normal,Low,Cut (Lowered),Low Volatility,Balanced
Economic Boom,High,Cut (Lowered),High Volatility,Defensive
Normal,Target,Hold (Unchanged),Low Volatility,Balanced
Normal,Target,Hold (Unchanged),Low Volatility,Aggressive
Economic Boom,Low,Hike (Raised),High Volatility,Balanced
Economic Boom,High,Hike (Raised),High Volatility,Balanced
Crisis,High,Cut (Lowered),Low Volatility,Balanced
Economic Boom,Low,Cut (Lowered),Low Volatility,Defensive
Crisis,Target,Cut (Lowered),Low Volatility,Aggressive
Economic Boom,High,Hold (Unchanged),Low Volatility,Defensive
Normal,Target,Cut (Lowered),Low Volatility,Balanced
Crisis,High,Cut (Lowered),High Volatility,Defensive
Normal,Target,Cut (Lowered),Low Volatility,Aggressive
Normal,Target,Hold (Unchanged),High Volatility,Balanced
Normal,Target,Hold (Unchanged),Low Volatility,Aggressive
Crisis,Low,Hike (Raised),High Volatility,Balanced
Normal,Target,Hold (Unchanged),Low Volatility,Balanced
Economic Boom,High,Hike (Raised),High Volatility,Defensive
Normal,Target,Hold (Unchanged),Low Volatility,Aggressive
Normal,Target,Hold (Unchanged),Low Volatility,Aggressive
Normal,Target,Hold (Unchanged),High Volatility,Balanced
Crisis,Target,Cut (Lowered),High Volatility,Defensive
Economic Boom,High,Hold (Unchanged),High Volatility,Defensive
Economic Boom,High,Hike (Raised),High Volatility,Defensive
Normal,Low,Hike (Raised),Low Volatility,Balanced
Normal,High,Cut (Lowered),Low Volatility,Balanced
Normal,High,Cut (Lowered),Low Volatility,Aggressive
Normal,High,Hold (Unchanged),Low Volatility,Defensive
Economic Boom,Target,Cut (Lowered),Low Volatility,Aggressive
Normal,High,Hold (Unchanged),High Volatility,Defensive
Normal,Low,Cut (Lowered),Low Volatility,Defensive
Normal,Target,Hold (Unchanged),Low Volatility,Defensive
Normal,High,Hold (Unchanged),Low Volatility,Balanced
Economic Boom,Low,Cut (Lowered),Low Volatility,Defensive
Normal,Low,Cut (Lowered),High Volatility,Defensive
Normal,High,Hold (Unchanged),High Volatility,Aggressive
Normal,High,Hike (Raised),High Volatility,Defensive
Normal,Low,Cut (Lowered),High Volatility,Defensive
Normal,High,Hike (Raised),High Volatility,Defensive
Normal,Target,Hike (Raised),Low Volatility,Aggressive
Crisis,Target,Hike (Raised),Low Volatility,Aggressive
Normal,High,Hold (Unchanged),High Volatility,Defensive
Normal,Target,Hold (Unchanged),Low Volatility,Aggressive
Normal,Low,Hold (Unchanged),Low Volatility,Defensive
Normal,Target,Cut (Lowered),Low Volatility,Aggressive
Normal,Target,Hold (Unchanged),Low Volatility,Defensive
Crisis,Target,Hike (Raised),High Volatility,Defensive
Normal,High,Hold (Unchanged),Low Volatility,Balanced
Normal,High,Hike (Raised),High Volatility,Defensive
Normal,Target,Hold (Unchanged),Low Volatility,Aggressive
Normal,High,Hike (Raised),Low Volatility,Aggressive
Normal,Low,Hold (Unchanged),Low Volatility,Balanced
Crisis,Low,Hold (Unchanged),High Volatility,Defensive
Normal,High,Hold (Unchanged),Low Volatility,Balanced
Normal,Low,Hike (Raised),High Volatility,Aggressive
Normal,Low,Hold (Unchanged),Low Volatility,Balanced
Normal,Target,Hike (Raised),High Volatility,Balanced
Economic Boom,Target,Hold (Unchanged),Low Volatility,Balanced
Crisis,High,Cut (Lowered),High Volatility,Defensive
Normal,Target,Cut (Lowered),Low Volatility,Aggressive
Crisis,Low,Hike (Raised),High Volatility,Defensive
Crisis,Target,Cut (Lowered),Low Volatility,Aggressive
Normal,Target,Hold (Unchanged),High Volatility,Balanced
Normal,Target,Cut (Lowered),Low Volatility,Aggressive
Economic Boom,Target,Hike (Raised),High Volatility,Balanced
Normal,High,Hike (Raised),High Volatility,Defensive
Economic Boom,High,Hike (Raised),High Volatility,Defensive
Crisis,Target,Cut (Lowered),High Volatility,Aggressive
Crisis,Target,Cut (Lowered),High Volatility,Aggressive
Crisis,Target,Cut (Lowered),High Volatility,Aggressive
Normal,High,Cut (Lowered),High Volatility,Balanced
Normal,High,Hike (Raised),High Volatility,Defensive
Normal,Low,Cut (Lowered),Low Volatility,Balanced
Crisis,Target,Cut (Lowered),High Volatility,Defensive
Economic Boom,Target,Hold (Unchanged),High Volatility,Defensive
Economic Boom,Low,Cut (Lowered),Low Volatility,Defensive
Normal,Low,Hike (Raised),High Volatility,Defensive
Crisis,Target,Cut (Lowered),High Volatility,Balanced
Normal,Target,Hold (Unchanged),Low Volatility,Balanced
Crisis,Low,Cut (Lowered),High Volatility,Aggressive
Crisis,Target,Cut (Lowered),High Volatility,Aggressive
Normal,Target,Hold (Unchanged),Low Volatility,Defensive
Normal,Target,Cut (Lowered),Low Volatility,Balanced
Normal,Target,Hold (Unchanged),Low Volatility,Aggressive
Economic Boom,Low,Cut (Lowered),High Volatility,Aggressive
Normal,Target,Cut (Lowered),Low Volatility,Aggressive
Economic Boom,Low,Cut (Lowered),Low Volatility,Aggressive
Crisis,Target,Cut (Lowered),High Volatility,Aggressive
Normal,Low,Hold (Unchanged),Low Volatility,Balanced
Normal,Target,Hold (Unchanged),Low Volatility,Balanced
Crisis,Low,Cut (Lowered),High Volatility,Balanced
Crisis,Target,Hold (Unchanged),Low Volatility,Balanced
Normal,High,Hold (Unchanged),Low Volatility,Aggressive
Normal,Low,Cut (Lowered),Low Volatility,Balanced
Normal,Target,Hold (Unchanged),Low Volatility,Aggressive
Normal,Low,Cut (Lowered),Low Volatility,Defensive
Normal,Target,Hold (Unchanged),Low Volatility,Aggressive
Crisis,Target,Cut (Lowered),High Volatility,Balanced
Normal,Target,Hike (Raised),Low Volatility,Aggressive
Normal,Target,Cut (Lowered),Low Volatility,Balanced
Crisis,High,Hike (Raised),High Volatility,Balanced
Economic Boom,Target,Hold (Unchanged),Low Volatility,Aggressive
Normal,Target,Hold (Unchanged),High Volatility,Balanced
Normal,Target,Cut (Lowered),Low Volatility,Aggressive
Normal,High,Hold (Unchanged),Low Volatility,Balanced
Normal,High,Hold (Unchanged),Low Volatility,Defensive
Normal,Target,Hold (Unchanged),Low Volatility,Balanced
Crisis,High,Cut (Lowered),High Volatility,Balanced
Normal,Target,Hold (Unchanged),Low Volatility,Aggressive
Normal,High,Cut (Lowered),Low Volatility,Defensive
Normal,High,Hike (Raised),High Volatility,Defensive
Normal,Low,Hold (Unchanged),Low Volatility,Balanced
Normal,Target,Cut (Lowered),Low Volatility,Balanced
Economic Boom,Target,Hike (Raised),High Volatility,Balanced
Crisis,Target,Hike (Raised),High Volatility,Defensive
Normal,Target,Hold (Unchanged),High Volatility,Defensive
Normal,Target,Hold (Unchanged),Low Volatility,Aggressive
Normal,Low,Cut (Lowered),Low Volatility,Balanced
Economic Boom,Low,Cut (Lowered),Low Volatility,Defensive
Normal,Target,Hold (Unchanged),High Volatility,Balanced
Economic Boom,Low,Cut (Lowered),Low Volatility,Defensive
Economic Boom,Low,Cut (Lowered),Low Volatility,Defensive
Normal,Low,Cut (Lowered),Low Volatility,Defensive
Normal,Target,Hike (Raised),High Volatility,Defensive
Normal,Target,Hold (Unchanged),Low Volatility,Balanced
Economic Boom,Low,Cut (Lowered),Low Volatility,Aggressive
Normal,High,Hike (Raised),High Volatility,Defensive
Normal,Target,Hold (Unchanged),Low Volatility,Balanced
Normal,Target,Hold (Unchanged),Low Volatility,Balanced
Normal,Target,Hike (Raised),High Volatility,Defensive
Normal,Target,Hike (Raised),High Volatility,Balanced
Normal,Target,Cut (Lowered),Low Volatility,Balanced
Economic Boom,Low,Cut (Lowered),Low Volatility,Defensive
Economic Boom,Low,Hike (Raised),High Volatility,Balanced
Economic Boom,High,Hike (Raised),High Volatility,Defensive
Crisis,Target,Cut (Lowered),High Volatility,Defensive
Normal,Target,Cut (Lowered),Low Volatility,Aggressive
Crisis,High,Cut (Lowered),Low Volatility,Balanced
Normal,Target,Hold (Unchanged),Low Volatility,Defensive
Normal,Target,Hold (Unchanged),Low Volatility,Aggressive
Normal,Target,Hike (Raised),High Volatility,Balanced
Normal,Low,Hold (Unchanged),High Volatility,Balanced
Economic Boom,Target,Hold (Unchanged),Low Volatility,Balanced
Crisis,Target,Cut (Lowered),High Volatility,Balanced
Normal,High,Hike (Raised),High Volatility,Defensive
Normal,High,Hold (Unchanged),Low Volatility,Balanced
Crisis,High,Cut (Lowered),High Volatility,Defensive
Normal,High,Hike (Raised),High Volatility,Defensive
Economic Boom,Target,Hold (Unchanged),Low Volatility,Aggressive
Economic Boom,Target,Hold (Unchanged),Low Volatility,Aggressive
Economic Boom,Target,Hike (Raised),Low Volatility,Balanced
Economic Boom,Target,Hike (Raised),High Volatility,Aggressive
Normal,High,Cut (Lowered),Low Volatility,Aggressive
Normal,Low,Hold (Unchanged),Low Volatility,Defensive
Normal,High,Hold (Unchanged),Low Volatility,Aggressive
Normal,High,Hold (Unchanged),Low Volatility,Balanced
Normal,High,Hike (Raised),Low Volatility,Balanced
Normal,High,Hike (Raised),Low Volatility,Aggressive
Normal,Target,Hold (Unchanged),Low Volatility,Aggressive
Normal,Low,Cut (Lowered),High Volatility,Balanced
Normal,Low,Cut (Lowered),Low Volatility,Aggressive
Normal,Target,Hold (Unchanged),Low Volatility,Balanced
Normal,Target,Cut (Lowered),Low Volatility,Balanced
Normal,High,Hold (Unchanged),High Volatility,Defensive
Normal,High,Cut (Lowered),Low Volatility,Aggressive
Normal,Target,Hold (Unchanged),Low Volatility,Aggressive
Crisis,Low,Cut (Lowered),High Volatility,Defensive
Normal,Low,Hold (Unchanged),Low Volatility,Aggressive
Normal,Low,Cut (Lowered),Low Volatility,Defensive
Normal,Target,Hold (Unchanged),Low Volatility,Aggressive
Normal,Target,Hike (Raised),High Volatility,Balanced
Normal,Low,Hold (Unchanged),High Volatility,Defensive
Normal,Target,Hold (Unchanged),High Volatility,Defensive
Normal,Low,Cut (Lowered),Low Volatility,Defensive
Normal,Target,Hold (Unchanged),Low Volatility,Balanced
Normal,Target,Hold (Unchanged),Low Volatility,Aggressive
Normal,Target,Hold (Unchanged),High Volatility,Defensive
Crisis,Target,Cut (Lowered),High Volatility,Aggressive
Normal,High,Hold (Unchanged),Low Volatility,Balanced
Normal,Low,Cut (Lowered),Low Volatility,Balanced
Normal,Target,Hold (Unchanged),Low Volatility,Balanced
Normal,Target,Hike (Raised),High Volatility,Aggressive
Normal,Target,Cut (Lowered),Low Volatility,Aggressive
Crisis,High,Cut (Lowered),High Volatility,Balanced
Normal,Target,Cut (Lowered),Low Volatility,Aggressive
Normal,Target,Hold (Unchanged),Low Volatility,Balanced
Normal,Low,Hold (Unchanged),High Volatility,Defensive
Crisis,Target,Cut (Lowered),High Volatility,Aggressive
Normal,Target,Hike (Raised),High Volatility,Aggressive
Economic Boom,Low,Cut (Lowered),Low Volatility,Balanced
Normal,Target,Hike (Raised),High Volatility,Balanced
Normal,Target,Hold (Unchanged),Low Volatility,Aggressive
Crisis,Low,Cut (Lowered),High Volatility,Balanced
Normal,Target,Hold (Unchanged),Low Volatility,Balanced
Normal,Target,Hold (Unchanged),Low Volatility,Aggressive
Normal,Low,Cut (Lowered),Low Volatility,Defensive
Normal,Target,Hold (Unchanged),High Volatility,Balanced
Economic Boom,Target,Hold (Unchanged),Low Volatility,Aggressive
Normal,Target,Hike (Raised),High Volatility,Aggressive
Crisis,Target,Cut (Lowered),High Volatility,Aggressive
Economic Boom,Target,Hold (Unchanged),High Volatility,Aggressive
Normal,Target,Hike (Raised),High Volatility,Balanced
Economic Boom,High,Hike (Raised),High Volatility,Balanced
Normal,Target,Hold (Unchanged),Low Volatility,Aggressive
Economic Boom,Low,Cut (Lowered),Low Volatility,Aggressive
Normal,Target,Hold (Unchanged),Low Volatility,Aggressive
Normal,High,Hold (Unchanged),Low Volatility,Defensive
Economic Boom,Low,Cut (Lowered),Low Volatility,Defensive
Normal,High,Hike (Raised),High Volatility,Defensive
Normal,High,Hold (Unchanged),Low Volatility,Aggressive
Normal,Low,Cut (Lowered),High Volatility,Balanced
Normal,High,Hike (Raised),High Volatility,Balanced
Normal,Target,Cut (Lowered),Low Volatility,Aggressive
Normal,High,Hold (Unchanged),High Volatility,Defensive
Normal,Target,Hold (Unchanged),Low Volatility,Defensive
Normal,Target,Cut (Lowered),Low Volatility,Balanced
Normal,Target,Hold (Unchanged),Low Volatility,Aggressive
Normal,High,Hold (Unchanged),High Volatility,Defensive
Crisis,Low,Hold (Unchanged),High Volatility,Defensive
Crisis,Target,Cut (Lowered),High Volatility,Balanced
Normal,Low,Cut (Lowered),High Volatility,Balanced
Normal,Target,Hold (Unchanged),Low Volatility,Aggressive
Normal,Target,Cut (Lowered),Low Volatility,Defensive
Normal,Target,Hold (Unchanged),Low Volatility,Aggressive
Normal,Target,Hold (Unchanged),High Volatility,Defensive
Economic Boom,Low,Cut (Lowered),Low Volatility,Balanced
Crisis,Low,Cut (Lowered),High Volatility,Balanced
Normal,Low,Cut (Lowered),Low Volatility,Balanced
Normal,Target,Hold (Unchanged),High Volatility,Aggressive
Normal,High,Hold (Unchanged),High Volatility,Defensive
Economic Boom,Low,Cut (Lowered),Low Volatility,Defensive
Crisis,High,Cut (Lowered),Low Volatility,Balanced
Normal,Target,Hold (Unchanged),High Volatility,Balanced
Economic Boom,Target,Hike (Raised),High Volatility,Defensive
Normal,Target,Hold (Unchanged),High Volatility,Balanced
Normal,High,Hold (Unchanged),Low Volatility,Defensive
Normal,Low,Cut (Lowered),Low Volatility,Defensive
Normal,Target,Hold (Unchanged),Low Volatility,Aggressive
Economic Boom,Target,Hold (Unchanged),Low Volatility,Aggressive
Economic Boom,Target,Cut (Lowered),Low Volatility,Aggressive
Normal,High,Hold (Unchanged),Low Volatility,Balanced
Normal,Low,Cut (Lowered),Low Volatility,Aggressive
Economic Boom,Target,Hold (Unchanged),Low Volatility,Balanced
Crisis,Target,Hold (Unchanged),Low Volatility,Aggressive
Normal,Target,Hold (Unchanged),Low Volatility,Aggressive
Economic Boom,Target,Cut (Lowered),High Volatility,Defensive
Normal,Target,Hike (Raised),High Volatility,Balanced
Normal,High,Hike (Raised),High Volatility,Aggressive
Crisis,Target,Hold (Unchanged),Low Volatility,Aggressive
Economic Boom,High,Hike (Raised),High Volatility,Defensive
Normal,Target,Cut (Lowered),Low Volatility,Defensive
Normal,Low,Hike (Raised),High Volatility,Defensive
Normal,Low,Cut (Lowered),High Volatility,Balanced
Normal,Low,Hold (Unchanged),Low Volatility,Balanced
Normal,Target,Hold (Unchanged),High Volatility,Balanced
Normal,Target,Hold (Unchanged),Low Volatility,Aggressive
Normal,Target,Hike (Raised),High Volatility,Balanced
Normal,Target,Hold (Unchanged),Low Volatility,Aggressive
Economic Boom,Low,Cut (Lowered),Low Volatility,Defensive
Normal,Low,Cut (Lowered),Low Volatility,Defensive
Economic Boom,Target,Hold (Unchanged),Low Volatility,Aggressive
Normal,Target,Cut (Lowered),Low Volatility,Defensive
Normal,Low,Cut (Lowered),High Volatility,Balanced
Normal,Low,Cut (Lowered),Low Volatility,Aggressive
Normal,High,Hold (Unchanged),Low Volatility,Defensive
Economic Boom,High,Hike (Raised),High Volatility,Defensive
Normal,Low,Hike (Raised),High Volatility,Balanced
Crisis,Target,Cut (Lowered),High Volatility,Defensive
Normal,Target,Hold (Unchanged),Low Volatility,Aggressive
Normal,High,Cut (Lowered),High Volatility,Balanced
Normal,Target,Hold (Unchanged),High Volatility,Balanced
Normal,Low,Hike (Raised),Low Volatility,Balanced
Normal,Target,Hike (Raised),Low Volatility,Aggressive
Normal,Target,Hold (Unchanged),Low Volatility,Aggressive
Normal,Target,Hold (Unchanged),Low Volatility,Balanced
Normal,Target,Hike (Raised),High Volatility,Balanced
Normal,Target,Hike (Raised),High Volatility,Balanced
Normal,Target,Hike (Raised),High Volatility,Balanced
Normal,Low,Cut (Lowered),Low Volatility,Balanced
Normal,Target,Hike (Raised),High Volatility,Defensive
Normal,Low,Cut (Lowered),Low Volatility,Balanced
Normal,High,Hold (Unchanged),Low Volatility,Balanced
Economic Boom,Low,Cut (Lowered),Low Volatility,Balanced
Normal,Low,Cut (Lowered),Low Volatility,Aggressive
Normal,Target,Hold (Unchanged),High Volatility,Aggressive
Economic Boom,High,Hike (Raised),High Volatility,Defensive
Economic Boom,High,Hike (Raised),High Volatility,Defensive
Normal,Target,Hold (Unchanged),Low Volatility,Aggressive
Economic Boom,Low,Cut (Lowered),Low Volatility,Balanced
Normal,Target,Hold (Unchanged),Low Volatility,Aggressive
Normal,Target,Hold (Unchanged),Low Volatility,Aggressive
Crisis,Low,Hold (Unchanged),Low Volatility,Defensive
Normal,High,Hold (Unchanged),Low Volatility,Balanced
Crisis,Low,Cut (Lowered),High Volatility,Balanced
Normal,High,Hold (Unchanged),Low Volatility,Balanced
Normal,High,Hike (Raised),Low Volatility,Balanced
Economic Boom,Target,Hold (Unchanged),Low Volatility,Balanced
Economic Boom,High,Hike (Raised),High Volatility,Defensive
Normal,Target,Hold (Unchanged),High Volatility,Balanced
Economic Boom,Low,Cut (Lowered),High Volatility,Balanced
Economic Boom,Target,Hike (Raised),High Volatility,Defensive
Normal,Low,Cut (Lowered),Low Volatility,Aggressive
Crisis,Target,Cut (Lowered),High Volatility,Balanced
Normal,Target,Hike (Raised),High Volatility,Aggressive
Economic Boom,Target,Hold (Unchanged),Low Volatility,Balanced
Normal,Target,Hold (Unchanged),Low Volatility,Defensive
Normal,Target,Hold (Unchanged),Low Volatility,Aggressive
Normal,High,Hold (Unchanged),Low Volatility,Defensive
Normal,Low,Cut (Lowered),Low Volatility,Aggressive
Normal,Target,Cut (Lowered),Low Volatility,Defensive
Crisis,Low,Hold (Unchanged),High Volatility,Balanced
Normal,Target,Hold (Unchanged),Low Volatility,Aggressive
Economic Boom,Low,Cut (Lowered),High Volatility,Balanced
Economic Boom,Target,Hold (Unchanged),Low Volatility,Defensive
Crisis,Target,Cut (Lowered),High Volatility,Balanced
Economic Boom,Low,Cut (Lowered),Low Volatility,Balanced
Normal,High,Hold (Unchanged),Low Volatility,Defensive
Normal,Low,Cut (Lowered),Low Volatility,Balanced
Normal,Target,Hold (Unchanged),Low Volatility,Aggressive
Economic Boom,Low,Cut (Lowered),Low Volatility,Aggressive
Economic Boom,Target,Hold (Unchanged),Low Volatility,Defensive
Normal,Target,Hold (Unchanged),High Volatility,Defensive
Economic Boom,Target,Hold (Unchanged),Low Volatility,Balanced
Crisis,Low,Cut (Lowered),High Volatility,Balanced
Normal,Target,Hold (Unchanged),Low Volatility,Balanced
Normal,Target,Hold (Unchanged),High Volatility,Aggressive
Normal,High,Hike (Raised),Low Volatility,Balanced
Normal,Target,Hold (Unchanged),High Volatility,Defensive
Economic Boom,Target,Hike (Raised),High Volatility,Balanced
Normal,Low,Cut (Lowered),Low Volatility,Defensive
Crisis,Target,Cut (Lowered),High Volatility,Defensive
Normal,Low,Cut (Lowered),Low Volatility,Defensive
Normal,Low,Cut (Lowered),Low Volatility,Defensive
Economic Boom,Low,Cut (Lowered),Low Volatility,Balanced
Normal,Target,Hold (Unchanged),Low Volatility,Aggressive
Normal,Target,Hike (Raised),High Volatility,Defensive
Economic Boom,High,Hike (Raised),High Volatility,Aggressive
Normal,Low,Cut (Lowered),High Volatility,Balanced
Normal,Target,Hold (Unchanged),High Volatility,Defensive
Normal,High,Hike (Raised),High Volatility,Defensive
Normal,Target,Hike (Raised),High Volatility,Balanced
Normal,Target,Hold (Unchanged),Low Volatility,Aggressive
Normal,Target,Hold (Unchanged),Low Volatility,Aggressive
Economic Boom,Low,Cut (Lowered),Low Volatility,Aggressive
Economic Boom,Target,Cut (Lowered),Low Volatility,Aggressive
Normal,Target,Hold (Unchanged),Low Volatility,Aggressive
Crisis,Low,Cut (Lowered),High Volatility,Balanced
Economic Boom,Low,Cut (Lowered),Low Volatility,Balanced
Normal,Target,Hold (Unchanged),Low Volatility,Balanced
Normal,High,Hold (Unchanged),High Volatility,Balanced
Normal,Target,Hold (Unchanged),High Volatility,Defensive
Economic Boom,Target,Hike (Raised),High Volatility,Balanced
Normal,Target,Cut (Lowered),Low Volatility,Aggressive
Crisis,Low,Hold (Unchanged),High Volatility,Balanced
Normal,Target,Cut (Lowered),Low Volatility,Balanced
Economic Boom,Target,Cut (Lowered),Low Volatility,Aggressive
Crisis,High,Cut (Lowered),High Volatility,Defensive
Economic Boom,Low,Hold (Unchanged),Low Volatility,Balanced
Normal,Target,Hold (Unchanged),Low Volatility,Aggressive
Normal,Target,Hike (Raised),High Volatility,Balanced
Normal,Target,Hold (Unchanged),High Volatility,Balanced
Normal,Low,Cut (Lowered),Low Volatility,Aggressive
Economic Boom,Target,Hold (Unchanged),Low Volatility,Aggressive
Normal,High,Cut (Lowered),High Volatility,Defensive
Normal,Target,Hold (Unchanged),Low Volatility,Balanced
Normal,Target,Cut (Lowered),Low Volatility,Balanced
Crisis,Target,Cut (Lowered),High Volatility,Balanced
Crisis,Target,Hold (Unchanged),High Volatility,Aggressive
Normal,Target,Hike (Raised),High Volatility,Balanced
Economic Boom,High,Hike (Raised),High Volatility,Balanced
Normal,High,Hike (Raised),Low Volatility,Defensive
Normal,Target,Cut (Lowered),Low Volatility,Aggressive
Normal,Target,Hike (Raised),Low Volatility,Balanced
Normal,High,Hold (Unchanged),Low Volatility,Defensive
Normal,Target,Cut (Lowered),Low Volatility,Aggressive
Economic Boom,Target,Hold (Unchanged),Low Volatility,Balanced
Normal,Low,Cut (Lowered),Low Volatility,Balanced
Normal,Target,Hold (Unchanged),Low Volatility,Aggressive
Crisis,Target,Cut (Lowered),High Volatility,Aggressive
Economic Boom,High,Hike (Raised),High Volatility,Defensive
Normal,High,Hike (Raised),High Volatility,Defensive
Crisis,Low,Cut (Lowered),High Volatility,Aggressive
Normal,Target,Hold (Unchanged),Low Volatility,Aggressive
Normal,High,Hold (Unchanged),Low Volatility,Balanced
Normal,Target,Hike (Raised),High Volatility,Balanced
Normal,Low,Cut (Lowered),Low Volatility,Balanced
Normal,Low,Cut (Lowered),Low Volatility,Balanced
Normal,Target,Hold (Unchanged),Low Volatility,Aggressive
Economic Boom,Target,Hold (Unchanged),Low Volatility,Aggressive
Normal,Target,Cut (Lowered),Low Volatility,Aggressive
Normal,Low,Cut (Lowered),Low Volatility,Balanced
Normal,High,Cut (Lowered),Low Volatility,Defensive
Normal,Target,Hold (Unchanged),Low Volatility,Aggressive
Normal,Low,Cut (Lowered),Low Volatility,Defensive
Normal,Target,Hold (Unchanged),Low Volatility,Balanced
Normal,Target,Cut (Lowered),Low Volatility,Defensive
Normal,Low,Hike (Raised),Low Volatility,Balanced
Economic Boom,Target,Hike (Raised),High Volatility,Aggressive
Normal,Low,Cut (Lowered),High Volatility,Balanced
Economic Boom,Target,Hold (Unchanged),Low Volatility,Defensive
Normal,High,Hold (Unchanged),Low Volatility,Balanced
Crisis,Target,Cut (Lowered),High Volatility,Defensive
Normal,Target,Hold (Unchanged),Low Volatility,Aggressive
Normal,Target,Hold (Unchanged),Low Volatility,Aggressive
Normal,Low,Hike (Raised),High Volatility,Aggressive
Crisis,High,Hold (Unchanged),High Volatility,Defensive
Economic Boom,High,Hike (Raised),Low Volatility,Balanced
Economic Boom,Low,Cut (Lowered),Low Volatility,Aggressive
Normal,Low,Hike (Raised),High Volatility,Aggressive
Normal,Low,Hike (Raised),High Volatility,Defensive
Crisis,Low,Hike (Raised),High Volatility,Balanced
Crisis,Target,Cut (Lowered),High Volatility,Defensive
Normal,Target,Cut (Lowered),Low Volatility,Aggressive
Economic Boom,High,Hike (Raised),High Volatility,Defensive
Normal,Target,Hold (Unchanged),Low Volatility,Aggressive
Crisis,Target,Cut (Lowered),High Volatility,Defensive
Normal,Target,Cut (Lowered),Low Volatility,Aggressive
Normal,Low,Hold (Unchanged),Low Volatility,Balanced
Normal,Target,Hike (Raised),High Volatility,Aggressive
Normal,Target,Hold (Unchanged),Low Volatility,Aggressive
Normal,Low,Hold (Unchanged),Low Volatility,Defensive
Crisis,Low,Cut (Lowered),High Volatility,Defensive
Crisis,High,Hold (Unchanged),High Volatility,Defensive
Economic Boom,Target,Hold (Unchanged),Low Volatility,Aggressive
Normal,Target,Cut (Lowered),High Volatility,Balanced
Crisis,Target,Cut (Lowered),High Volatility,Balanced
Normal,High,Hold (Unchanged),High Volatility,Defensive
Crisis,Target,Cut (Lowered),High Volatility,Balanced
Normal,Low,Cut (Lowered),High Volatility,Balanced
Economic Boom,High,Hike (Raised),High Volatility,Aggressive
Normal,Target,Hold (Unchanged),High Volatility,Balanced
Normal,Low,Cut (Lowered),Low Volatility,Balanced
Normal,Target,Hold (Unchanged),Low Volatility,Balanced
Normal,High,Hold (Unchanged),Low Volatility,Defensive
Economic Boom,Low,Cut (Lowered),High Volatility,Balanced
Economic Boom,Target,Hold (Unchanged),Low Volatility,Aggressive
Crisis,Low,Cut (Lowered),High Volatility,Defensive
Normal,High,Hold (Unchanged),Low Volatility,Defensive
Normal,Low,Hold (Unchanged),Low Volatility,Defensive
Economic Boom,Target,Cut (Lowered),Low Volatility,Aggressive
Normal,High,Hold (Unchanged),Low Volatility,Defensive
Economic Boom,Low,Hold (Unchanged),High Volatility,Balanced
Normal,High,Cut (Lowered),High Volatility,Defensive
Normal,High,Hold (Unchanged),Low Volatility,Balanced
Normal,High,Hike (Raised),High Volatility,Defensive
Economic Boom,Low,Cut (Lowered),Low Volatility,Aggressive
Economic Boom,Target,Hold (Unchanged),Low Volatility,Balanced
Crisis,High,Hike (Raised),Low Volatility,Balanced
Normal,High,Cut (Lowered),High Volatility,Defensive
Normal,Low,Cut (Lowered),Low Volatility,Aggressive
Crisis,High,Hold (Unchanged),High Volatility,Defensive
Normal,Target,Hike (Raised),High Volatility,Defensive
Normal,Low,Cut (Lowered),Low Volatility,Balanced
Economic Boom,Target,Hold (Unchanged),High Volatility,Defensive
Normal,High,Hike (Raised),High Volatility,Defensive
Economic Boom,Target,Hold (Unchanged),Low Volatility,Aggressive
Crisis,Target,Cut (Lowered),High Volatility,Balanced
Normal,High,Cut (Lowered),Low Volatility,Balanced
Normal,Target,Hold (Unchanged),Low Volatility,Aggressive
Normal,Target,Hike (Raised),High Volatility,Balanced
Crisis,Target,Hold (Unchanged),Low Volatility,Aggressive
Normal,Target,Hike (Raised),High Volatility,Balanced
Normal,Target,Hike (Raised),High Volatility,Balanced
Normal,High,Hold (Unchanged),Low Volatility,Defensive
Normal,Target,Hold (Unchanged),Low Volatility,Balanced
Normal,High,Hold (Unchanged),Low Volatility,Balanced
Economic Boom,Low,Hold (Unchanged),Low Volatility,Balanced
Economic Boom,Low,Cut (Lowered),Low Volatility,Balanced
Normal,Target,Cut (Lowered),High Volatility,Balanced
Normal,Low,Hike (Raised),High Volatility,Defensive
Crisis,Target,Cut (Lowered),Low Volatility,Balanced
Economic Boom,Target,Hold (Unchanged),Low Volatility,Balanced
Crisis,Low,Cut (Lowered),High Volatility,Balanced
Normal,Target,Hold (Unchanged),Low Volatility,Aggressive
Normal,Target,Hold (Unchanged),Low Volatility,Aggressive
Normal,Target,Hike (Raised),High Volatility,Balanced
Normal,High,Hold (Unchanged),Low Volatility,Aggressive
Normal,Target,Cut (Lowered),Low Volatility,Aggressive
Crisis,Target,Cut (Lowered),High Volatility,Balanced
Normal,High,Hold (Unchanged),Low Volatility,Aggressive
Crisis,High,Hike (Raised),High Volatility,Defensive
Crisis,Low,Hold (Unchanged),Low Volatility,Aggressive
Economic Boom,Low,Hike (Raised),High Volatility,Aggressive
Normal,Target,Cut (Lowered),Low Volatility,Aggressive
Economic Boom,Target,Cut (Lowered),Low Volatility,Aggressive
Normal,High,Hold (Unchanged),High Volatility,Defensive
Crisis,Target,Cut (Lowered),High Volatility,Balanced
Economic Boom,Target,Hike (Raised),Low Volatility,Balanced
Normal,High,Hold (Unchanged),Low Volatility,Balanced
Economic Boom,Target,Hike (Raised),High Volatility,Aggressive
Normal,Low,Cut (Lowered),Low Volatility,Defensive
Economic Boom,High,Hike (Raised),High Volatility,Defensive
Crisis,Target,Cut (Lowered),High Volatility,Balanced
Normal,High,Hold (Unchanged),Low Volatility,Balanced
Normal,High,Hold (Unchanged),Low Volatility,Aggressive
Economic Boom,Target,Hold (Unchanged),Low Volatility,Aggressive
Economic Boom,Target,Hold (Unchanged),High Volatility,Balanced
Economic Boom,Target,Hold (Unchanged),High Volatility,Defensive
Economic Boom,Target,Cut (Lowered),Low Volatility,Aggressive
Normal,Target,Hold (Unchanged),High Volatility,Balanced
Normal,Target,Hold (Unchanged),Low Volatility,Balanced
Normal,High,Cut (Lowered),Low Volatility,Defensive
Normal,Target,Hold (Unchanged),High Volatility,Balanced
Normal,Low,Cut (Lowered),Low Volatility,Balanced
Normal,Target,Hold (Unchanged),Low Volatility,Aggressive
Normal,High,Cut (Lowered),Low Volatility,Balanced
Normal,Target,Hold (Unchanged),Low Volatility,Aggressive
Normal,Target,Hold (Unchanged),Low Volatility,Defensive
Normal,High,Hold (Unchanged),High Volatility,Aggressive
Normal,Target,Hike (Raised),High Volatility,Balanced
Normal,Target,Hold (Unchanged),High Volatility,Defensive
Normal,High,Hold (Unchanged),Low Volatility,Balanced
Normal,Low,Hold (Unchanged),Low Volatility,Aggressive
Normal,High,Hold (Unchanged),High Volatility,Defensive
Normal,Low,Hold (Unchanged),Low Volatility,Balanced
Crisis,Low,Cut (Lowered),Low Volatility,Defensive
Normal,High,Hold (Unchanged),Low Volatility,Balanced
Normal,Low,Hold (Unchanged),Low Volatility,Balanced
Crisis,Target,Cut (Lowered),Low Volatility,Aggressive
Normal,High,Hold (Unchanged),High Volatility,Balanced
Economic Boom,High,Hike (Raised),High Volatility,Defensive
Economic Boom,High,Hike (Raised),High Volatility,Defensive
Normal,Target,Hold (Unchanged),High Volatility,Aggressive
Crisis,Target,Cut (Lowered),High Volatility,Balanced
Normal,Low,Hold (Unchanged),Low Volatility,Defensive
Normal,Target,Hold (Unchanged),Low Volatility,Balanced
Economic Boom,High,Hike (Raised),Low Volatility,Aggressive
Crisis,Target,Hike (Raised),Low Volatility,Defensive
Normal,Target,Hold (Unchanged),Low Volatility,Defensive
Crisis,Target,Cut (Lowered),High Volatility,Defensive
Economic Boom,Target,Hike (Raised),High Volatility,Aggressive
Normal,High,Hold (Unchanged),Low Volatility,Aggressive
Normal,Low,Hold (Unchanged),Low Volatility,Balanced
Normal,Target,Cut (Lowered),Low Volatility,Aggressive
Normal,High,Hold (Unchanged),Low Volatility,Balanced
Normal,Target,Hike (Raised),High Volatility,Defensive
Crisis,Low,Cut (Lowered),Low Volatility,Aggressive
Economic Boom,Target,Hold (Unchanged),High Volatility,Defensive
Economic Boom,Target,Hold (Unchanged),High Volatility,Balanced
Economic Boom,Low,Hold (Unchanged),Low Volatility,Balanced
Normal,High,Hold (Unchanged),Low Volatility,Defensive
Economic Boom,Target,Hold (Unchanged),High Volatility,Balanced
Crisis,High,Cut (Lowered),High Volatility,Defensive
Normal,High,Hold (Unchanged),High Volatility,Defensive
Normal,Target,Hold (Unchanged),High Volatility,Defensive
Normal,Low,Cut (Lowered),Low Volatility,Defensive
Normal,Target,Hold (Unchanged),Low Volatility,Aggressive
Crisis,Low,Cut (Lowered),High Volatility,Aggressive
Normal,High,Cut (Lowered),Low Volatility,Defensive
Economic Boom,Low,Cut (Lowered),Low Volatility,Aggressive
Normal,Target,Cut (Lowered),Low Volatility,Aggressive
Crisis,Target,Cut (Lowered),Low Volatility,Aggressive
Normal,Target,Hold (Unchanged),Low Volatility,Defensive
Normal,Low,Hold (Unchanged),Low Volatility,Balanced
Normal,Target,Hold (Unchanged),Low Volatility,Defensive
Normal,Low,Cut (Lowered),Low Volatility,Balanced
Normal,Low,Cut (Lowered),Low Volatility,Aggressive
Normal,Target,Hike (Raised),High Volatility,Defensive
Normal,Target,Hold (Unchanged),Low Volatility,Aggressive
Economic Boom,Target,Cut (Lowered),Low Volatility,Defensive
Normal,Target,Hike (Raised),High Volatility,Balanced
Normal,Target,Hold (Unchanged),High Volatility,Defensive
Economic Boom,Target,Hold (Unchanged),Low Volatility,Balanced
Normal,High,Hold (Unchanged),Low Volatility,Balanced
Crisis,Low,Cut (Lowered),High Volatility,Balanced
Economic Boom,Target,Hike (Raised),High Volatility,Defensive
Normal,High,Hold (Unchanged),High Volatility,Defensive
Normal,High,Cut (Lowered),Low Volatility,Defensive
Crisis,Low,Hike (Raised),High Volatility,Aggressive
Normal,Target,Hike (Raised),High Volatility,Balanced
Normal,Target,Hold (Unchanged),Low Volatility,Aggressive
Crisis,Low,Cut (Lowered),Low Volatility,Balanced
Normal,High,Cut (Lowered),Low Volatility,Defensive
Normal,Target,Hold (Unchanged),Low Volatility,Aggressive
Normal,Target,Cut (Lowered),Low Volatility,Balanced
Crisis,Low,Cut (Lowered),High Volatility,Balanced
Crisis,Target,Cut (Lowered),High Volatility,Balanced
Normal,Target,Cut (Lowered),Low Volatility,Aggressive
Crisis,High,Cut (Lowered),High Volatility,Defensive
Economic Boom,Low,Cut (Lowered),Low Volatility,Defensive
Crisis,Low,Cut (Lowered),High Volatility,Balanced
Normal,Target,Cut (Lowered),Low Volatility,Aggressive
Crisis,Low,Cut (Lowered),Low Volatility,Defensive
Normal,Target,Hold (Unchanged),Low Volatility,Balanced
Economic Boom,High,Hike (Raised),Low Volatility,Aggressive
Normal,Target,Hike (Raised),High Volatility,Balanced
Economic Boom,High,Hike (Raised),High Volatility,Aggressive
Normal,Low,Cut (Lowered),Low Volatility,Defensive
Normal,Low,Cut (Lowered),High Volatility,Balanced
Normal,Low,Cut (Lowered),High Volatility,Defensive
Economic Boom,Target,Hold (Unchanged),Low Volatility,Aggressive
Normal,High,Hold (Unchanged),Low Volatility,Defensive
Normal,Low,Hold (Unchanged),Low Volatility,Defensive
Normal,Target,Hold (Unchanged),Low Volatility,Defensive
Normal,Target,Hold (Unchanged),Low Volatility,Aggressive
Economic Boom,High,Hold (Unchanged),High Volatility,Defensive
Normal,Low,Hold (Unchanged),Low Volatility,Balanced
Normal,Low,Cut (Lowered),Low Volatility,Aggressive
Normal,Low,Hold (Unchanged),High Volatility,Balanced
Normal,Target,Hold (Unchanged),High Volatility,Balanced
Economic Boom,Target,Hold (Unchanged),Low Volatility,Aggressive
Normal,High,Hike (Raised),High Volatility,Defensive
Normal,Target,Hike (Raised),High Volatility,Defensive
Economic Boom,Target,Hold (Unchanged),Low Volatility,Aggressive
Crisis,Target,Cut (Lowered),Low Volatility,Defensive
Normal,Low,Cut (Lowered),Low Volatility,Balanced
Normal,Target,Hike (Raised),High Volatility,Balanced
Normal,High,Hold (Unchanged),Low Volatility,Balanced
Normal,High,Cut (Lowered),High Volatility,Defensive
Economic Boom,High,Hike (Raised),High Volatility,Defensive
Normal,High,Cut (Lowered),Low Volatility,Balanced
Normal,Low,Cut (Lowered),High Volatility,Balanced
Economic Boom,Low,Cut (Lowered),Low Volatility,Defensive
Normal,Low,Cut (Lowered),Low Volatility,Balanced
Normal,Target,Cut (Lowered),High Volatility,Defensive
Normal,Low,Hike (Raised),High Volatility,Aggressive
Economic Boom,Target,Hold (Unchanged),Low Volatility,Aggressive
Normal,Target,Hike (Raised),High Volatility,Aggressive
Normal,High,Hold (Unchanged),Low Volatility,Defensive
Economic Boom,Target,Hold (Unchanged),Low Volatility,Defensive
Normal,High,Hold (Unchanged),Low Volatility,Defensive
Normal,Low,Cut (Lowered),Low Volatility,Defensive
Economic Boom,Low,Cut (Lowered),High Volatility,Balanced
Normal,Target,Hold (Unchanged),High Volatility,Aggressive
Normal,Target,Cut (Lowered),Low Volatility,Balanced
Economic Boom,Target,Hike (Raised),High Volatility,Aggressive
Normal,Target,Cut (Lowered),Low Volatility,Defensive
Normal,Target,Hold (Unchanged),Low Volatility,Aggressive
Economic Boom,Target,Hold (Unchanged),Low Volatility,Balanced
Economic Boom,Target,Hold (Unchanged),Low Volatility,Aggressive
Normal,Target,Hold (Unchanged),Low Volatility,Defensive
Crisis,Target,Cut (Lowered),High Volatility,Aggressive
Normal,Target,Hold (Unchanged),Low Volatility,Balanced
Normal,Target,Hold (Unchanged),Low Volatility,Balanced
Normal,Low,Cut (Lowered),Low Volatility,Balanced
Normal,Target,Hold (Unchanged),High Volatility,Balanced
Normal,Target,Hike (Raised),High Volatility,Balanced
Normal,High,Hike (Raised),High Volatility,Aggressive
Normal,Target,Hold (Unchanged),Low Volatility,Aggressive
Normal,Low,Cut (Lowered),Low Volatility,Balanced
Normal,Target,Hold (Unchanged),Low Volatility,Defensive
Normal,Target,Hold (Unchanged),Low Volatility,Aggressive
Normal,Target,Hike (Raised),High Volatility,Balanced
Normal,Target,Cut (Lowered),High Volatility,Aggressive
Normal,Target,Hold (Unchanged),Low Volatility,Balanced
Normal,Target,Hold (Unchanged),Low Volatility,Aggressive
Economic Boom,Target,Hold (Unchanged),Low Volatility,Balanced
Normal,Low,Cut (Lowered),Low Volatility,Defensive
Economic Boom,Target,Hold (Unchanged),Low Volatility,Balanced
Normal,Low,Cut (Lowered),Low Volatility,Balanced
Normal,Low,Hike (Raised),High Volatility,Defensive
Economic Boom,High,Hike (Raised),High Volatility,Defensive
Normal,High,Hold (Unchanged),Low Volatility,Aggressive
Normal,Low,Cut (Lowered),High Volatility,Defensive
Normal,Target,Cut (Lowered),High Volatility,Aggressive
Normal,Low,Cut (Lowered),High Volatility,Defensive
Crisis,Target,Cut (Lowered),Low Volatility,Defensive
Normal,High,Hold (Unchanged),Low Volatility,Balanced
Crisis,High,Cut (Lowered),Low Volatility,Balanced
Crisis,Target,Hold (Unchanged),High Volatility,Balanced
Economic Boom,Target,Hold (Unchanged),High Volatility,Balanced
Normal,Target,Hold (Unchanged),Low Volatility,Balanced
Normal,Target,Hike (Raised),High Volatility,Balanced
Economic Boom,High,Hike (Raised),High Volatility,Defensive
Normal,High,Hold (Unchanged),Low Volatility,Balanced
Normal,Target,Hold (Unchanged),High Volatility,Aggressive
Normal,Target,Hold (Unchanged),Low Volatility,Aggressive
Normal,Target,Hold (Unchanged),High Volatility,Balanced
Normal,Low,Cut (Lowered),Low Volatility,Aggressive
Normal,High,Hike (Raised),High Volatility,Balanced
Economic Boom,Target,Hike (Raised),High Volatility,Balanced
Normal,Target,Hold (Unchanged),High Volatility,Defensive
Normal,Target,Hold (Unchanged),Low Volatility,Aggressive
Normal,High,Hold (Unchanged),Low Volatility,Defensive
Crisis,Low,Hold (Unchanged),High Volatility,Defensive
Economic Boom,High,Hike (Raised),High Volatility,Defensive
Crisis,High,Cut (Lowered),Low Volatility,Balanced
Normal,High,Cut (Lowered),Low Volatility,Aggressive
Economic Boom,Target,Hold (Unchanged),Low Volatility,Aggressive
Normal,Low,Cut (Lowered),Low Volatility,Aggressive
